Time (fs=25),thermal_camera,chest_belt
0,-0.3358,-0.28524
0.04,-0.35895,-0.24916
0.08,-0.38224,-0.21228
0.12,-0.40559,-0.1739
0.16,-0.42889,-0.13542
0.2,-0.45206,-0.09572
0.24,-0.47501,-0.055781
0.28,-0.49764,-0.01564
0.32,-0.51987,0.025326
0.36,-0.54161,0.065679
0.4,-0.56278,0.10654
0.44,-0.58329,0.14684
0.48,-0.60307,0.18658
0.52,-0.62204,0.22629
0.56,-0.64013,0.26462
0.6,-0.65728,0.30257
0.64,-0.67341,0.33913
0.68,-0.68847,0.37432
0.72,-0.7024,0.40855
0.76,-0.71515,0.44067
0.8,-0.72666,0.47152
0.84,-0.7369,0.5002
0.88,-0.74582,0.52681
0.92,-0.75338,0.55158
0.96,-0.75956,0.5737
1,-0.76431,0.59379
1.04,-0.76762,0.61112
1.08,-0.76946,0.62591
1.12,-0.7698,0.63821
1.16,-0.76864,0.6476
1.2,-0.76597,0.65449
1.24,-0.76175,0.65833
1.28,-0.756,0.65952
1.32,-0.74871,0.65788
1.36,-0.73987,0.65344
1.4,-0.72948,0.64642
1.44,-0.71755,0.63639
1.48,-0.70408,0.62402
1.52,-0.68907,0.60886
1.56,-0.67255,0.59139
1.6,-0.65452,0.57163
1.64,-0.63499,0.54929
1.68,-0.61399,0.52524
1.72,-0.59154,0.49881
1.76,-0.56765,0.47084
1.8,-0.54237,0.44122
1.84,-0.51572,0.40969
1.88,-0.48773,0.37732
1.92,-0.45845,0.34324
1.96,-0.42793,0.30855
2,-0.39621,0.27301
2.04,-0.36335,0.23638
2.08,-0.32941,0.19985
2.12,-0.29446,0.16237
2.16,-0.25858,0.12521
2.2,-0.22184,0.087995
2.24,-0.18433,0.050509
2.28,-0.14614,0.01395
2.32,-0.10738,-0.022835
2.36,-0.068152,-0.058534
2.4,-0.02857,-0.093625
2.44,0.011244,-0.1283
2.48,0.051165,-0.16148
2.52,0.09106,-0.19431
2.56,0.13079,-0.22555
2.6,0.17021,-0.25577
2.64,0.20917,-0.28509
2.68,0.24753,-0.31265
2.72,0.28511,-0.33951
2.76,0.32177,-0.36458
2.8,0.35735,-0.3885
2.84,0.39168,-0.41125
2.88,0.4246,-0.43229
2.92,0.45596,-0.4525
2.96,0.48559,-0.47097
3,0.51334,-0.4884
3.04,0.53907,-0.5046
3.08,0.56263,-0.51936
3.12,0.58388,-0.53334
3.16,0.6027,-0.54583
3.2,0.61897,-0.55753
3.24,0.63258,-0.56807
3.28,0.64344,-0.57757
3.32,0.65148,-0.58642
3.36,0.65661,-0.5941
3.4,0.65879,-0.6013
3.44,0.65798,-0.60744
3.48,0.65416,-0.61296
3.52,0.64732,-0.61793
3.56,0.63747,-0.62205
3.6,0.62466,-0.62592
3.64,0.60891,-0.62882
3.68,0.59031,-0.63141
3.72,0.56892,-0.63348
3.76,0.54485,-0.63491
3.8,0.51821,-0.63617
3.84,0.48912,-0.6365
3.88,0.45774,-0.63663
3.92,0.42422,-0.63616
3.96,0.38873,-0.63514
4,0.35144,-0.63384
4.04,0.31254,-0.63156
4.08,0.27224,-0.62903
4.12,0.23073,-0.6257
4.16,0.18823,-0.62177
4.2,0.14493,-0.61731
4.24,0.10105,-0.61175
4.28,0.056811,-0.60575
4.32,0.012409,-0.59866
4.36,-0.031947,-0.59087
4.4,-0.076057,-0.58218
4.44,-0.11973,-0.5723
4.48,-0.16277,-0.56171
4.52,-0.20501,-0.54974
4.56,-0.24627,-0.53697
4.6,-0.28641,-0.52296
4.64,-0.32527,-0.50769
4.68,-0.36271,-0.49151
4.72,-0.39863,-0.47373
4.76,-0.43289,-0.45514
4.8,-0.46541,-0.43506
4.84,-0.4961,-0.41381
4.88,-0.52489,-0.39157
4.92,-0.55171,-0.36768
4.96,-0.57651,-0.34312
5,-0.59925,-0.31703
5.04,-0.61991,-0.29001
5.08,-0.63846,-0.26213
5.12,-0.65489,-0.23278
5.16,-0.66921,-0.20307
5.2,-0.68142,-0.17207
5.24,-0.69154,-0.14055
5.28,-0.69958,-0.10853
5.32,-0.70557,-0.075457
5.36,-0.70956,-0.042534
5.4,-0.71156,-0.0087849
5.44,-0.71164,0.02488
5.48,-0.70982,0.058496
5.52,-0.70615,0.092512
5.56,-0.7007,0.12576
5.6,-0.6935,0.15914
5.64,-0.6846,0.19174
5.68,-0.67407,0.22359
5.72,-0.66196,0.25506
5.76,-0.64831,0.28509
5.8,-0.63318,0.31444
5.84,-0.61663,0.34228
5.88,-0.5987,0.36868
5.92,-0.57946,0.39385
5.96,-0.55894,0.41699
6,-0.53721,0.43865
6.04,-0.5143,0.45817
6.08,-0.49028,0.47566
6.12,-0.4652,0.49117
6.16,-0.43909,0.50424
6.2,-0.41202,0.51519
6.24,-0.38403,0.52357
6.28,-0.35518,0.52957
6.32,-0.32552,0.53308
6.36,-0.2951,0.53403
6.4,-0.26398,0.53251
6.44,-0.23221,0.52828
6.48,-0.19986,0.52166
6.52,-0.16697,0.51237
6.56,-0.13362,0.50073
6.6,-0.099856,0.48666
6.64,-0.065754,0.47007
6.68,-0.031379,0.45145
6.72,0.0032012,0.43035
6.76,0.037913,0.40745
6.8,0.072683,0.38251
6.84,0.10743,0.35556
6.88,0.14209,0.32726
6.92,0.17656,0.29698
6.96,0.21076,0.26571
7,0.24462,0.23308
7.04,0.27804,0.19916
7.08,0.31093,0.16478
7.12,0.3432,0.12914
7.16,0.37475,0.093403
7.2,0.4055,0.057135
7.24,0.43534,0.02041
7.28,0.46419,-0.015885
7.32,0.49194,-0.052661
7.36,0.51851,-0.088657
7.4,0.54379,-0.1244
7.44,0.56769,-0.15981
7.48,0.59013,-0.19405
7.52,0.61101,-0.22805
7.56,0.63025,-0.26059
7.6,0.64776,-0.29227
7.64,0.66348,-0.32299
7.68,0.67731,-0.35204
7.72,0.68921,-0.38033
7.76,0.69909,-0.40677
7.8,0.70691,-0.43199
7.84,0.71262,-0.45586
7.88,0.71616,-0.4779
7.92,0.71751,-0.49889
7.96,0.71662,-0.51794
8,0.71348,-0.53574
8.04,0.70808,-0.552
8.08,0.7004,-0.5666
8.12,0.69044,-0.58012
8.16,0.67822,-0.59187
8.2,0.66376,-0.60259
8.24,0.64707,-0.61181
8.28,0.6282,-0.61978
8.32,0.60719,-0.62683
8.36,0.58408,-0.63247
8.4,0.55895,-0.63748
8.44,0.53187,-0.64117
8.48,0.50289,-0.64416
8.52,0.47213,-0.64649
8.56,0.43965,-0.64787
8.6,0.40558,-0.64909
8.64,0.37002,-0.64923
8.68,0.33309,-0.64922
8.72,0.2949,-0.64885
8.76,0.25559,-0.64795
8.8,0.2153,-0.64731
8.84,0.17417,-0.64582
8.88,0.13234,-0.64463
8.92,0.089954,-0.6433
8.96,0.047174,-0.64177
9,0.0041479,-0.64077
9.04,-0.038972,-0.63906
9.08,-0.082032,-0.63792
9.12,-0.12488,-0.63671
9.16,-0.16738,-0.63548
9.2,-0.20937,-0.63483
9.24,-0.25073,-0.63351
9.28,-0.29131,-0.6328
9.32,-0.331,-0.63193
9.36,-0.36967,-0.63103
9.4,-0.40722,-0.63053
9.44,-0.44354,-0.62928
9.48,-0.47854,-0.62844
9.52,-0.51215,-0.62721
9.56,-0.54429,-0.62577
9.6,-0.57491,-0.62435
9.64,-0.60395,-0.62201
9.68,-0.63137,-0.61972
9.72,-0.65714,-0.61664
9.76,-0.68126,-0.61311
9.8,-0.70369,-0.60908
9.84,-0.72446,-0.60391
9.88,-0.74355,-0.59833
9.92,-0.76099,-0.59154
9.96,-0.7768,-0.58401
10,-0.791,-0.57543
10.04,-0.80363,-0.56553
10.08,-0.81473,-0.55478
10.12,-0.82434,-0.54241
10.16,-0.8325,-0.52911
10.2,-0.83927,-0.51427
10.24,-0.84469,-0.49803
10.28,-0.84882,-0.48062
10.32,-0.8517,-0.46132
10.36,-0.85339,-0.44105
10.4,-0.85395,-0.41892
10.44,-0.85341,-0.3955
10.48,-0.85183,-0.37077
10.52,-0.84926,-0.34412
10.56,-0.84574,-0.31664
10.6,-0.8413,-0.28726
10.64,-0.83599,-0.25688
10.68,-0.82984,-0.22534
10.72,-0.82287,-0.19209
10.76,-0.81512,-0.15839
10.8,-0.8066,-0.12305
10.84,-0.79734,-0.087206
10.88,-0.78734,-0.050626
10.92,-0.77663,-0.012822
10.96,-0.76521,0.024846
11,-0.75307,0.063612
11.04,-0.74024,0.10219
11.08,-0.72669,0.14087
11.12,-0.71244,0.18004
11.16,-0.69748,0.21836
11.2,-0.68181,0.25699
11.24,-0.66541,0.29464
11.28,-0.64828,0.33161
11.32,-0.63041,0.36818
11.36,-0.6118,0.40314
11.4,-0.59244,0.43752
11.44,-0.57232,0.4701
11.48,-0.55143,0.5012
11.52,-0.52978,0.53099
11.56,-0.50736,0.55849
11.6,-0.48418,0.58451
11.64,-0.46022,0.60804
11.68,-0.43551,0.62942
11.72,-0.41004,0.64866
11.76,-0.38382,0.66515
11.8,-0.35688,0.67945
11.84,-0.32922,0.69074
11.88,-0.30087,0.69951
11.92,-0.27185,0.70553
11.96,-0.24219,0.70864
12,-0.21192,0.70916
12.04,-0.18108,0.70648
12.08,-0.14972,0.70122
12.12,-0.11787,0.69297
12.16,-0.085588,0.68201
12.2,-0.05293,0.66841
12.24,-0.019952,0.65179
12.28,0.013282,0.63293
12.32,0.046705,0.6112
12.36,0.080247,0.58732
12.4,0.11383,0.56115
12.44,0.14739,0.53245
12.48,0.18082,0.5022
12.52,0.21406,0.46954
12.56,0.24702,0.43556
12.6,0.2796,0.39994
12.64,0.31172,0.36256
12.68,0.34329,0.32451
12.72,0.37421,0.28477
12.76,0.40439,0.24468
12.8,0.43374,0.20377
12.84,0.46218,0.16198
12.88,0.48961,0.12046
12.92,0.51593,0.078067
12.96,0.54108,0.036267
13,0.56496,-0.0055225
13.04,0.5875,-0.047329
13.08,0.60862,-0.088036
13.12,0.62825,-0.12885
13.16,0.64632,-0.1683
13.2,0.66277,-0.20706
13.24,0.67754,-0.2451
13.28,0.69058,-0.28147
13.32,0.70184,-0.31734
13.36,0.71127,-0.35134
13.4,0.71885,-0.38423
13.44,0.72454,-0.41588
13.48,0.72831,-0.44562
13.52,0.73015,-0.47447
13.56,0.73005,-0.50125
13.6,0.728,-0.5268
13.64,0.724,-0.55082
13.68,0.71805,-0.57301
13.72,0.71017,-0.59418
13.76,0.70038,-0.61335
13.8,0.6887,-0.63143
13.84,0.67517,-0.64791
13.88,0.65982,-0.66289
13.92,0.64269,-0.67691
13.96,0.62384,-0.68922
14,0.60333,-0.70076
14.04,0.58121,-0.71077
14.08,0.55756,-0.71977
14.12,0.53245,-0.72797
14.16,0.50596,-0.73486
14.2,0.47817,-0.74136
14.24,0.44917,-0.74649
14.28,0.41907,-0.75112
14.32,0.38794,-0.75513
14.36,0.35591,-0.75822
14.4,0.32307,-0.76126
14.44,0.28952,-0.76308
14.48,0.25539,-0.7648
14.52,0.22077,-0.76604
14.56,0.18579,-0.76666
14.6,0.15055,-0.76742
14.64,0.11517,-0.76706
14.68,0.079751,-0.76684
14.72,0.044405,-0.76613
14.76,0.0092347,-0.76497
14.8,-0.025657,-0.76394
14.84,-0.060174,-0.7618
14.88,-0.094223,-0.75983
14.92,-0.12772,-0.75723
14.96,-0.16057,-0.75419
15,-0.19272,-0.75108
15.04,-0.22408,-0.74678
15.08,-0.2546,-0.74248
15.12,-0.28422,-0.73728
15.16,-0.31289,-0.73154
15.2,-0.34057,-0.72536
15.24,-0.36723,-0.71786
15.28,-0.39284,-0.71006
15.32,-0.41737,-0.70103
15.36,-0.44081,-0.69129
15.4,-0.46316,-0.68065
15.44,-0.48441,-0.66858
15.48,-0.50458,-0.65587
15.52,-0.52365,-0.64159
15.56,-0.54166,-0.62646
15.6,-0.55863,-0.61
15.64,-0.57456,-0.59206
15.68,-0.58949,-0.5732
15.72,-0.60345,-0.5525
15.76,-0.61647,-0.53094
15.8,-0.62858,-0.50773
15.84,-0.63981,-0.48313
15.88,-0.6502,-0.45748
15.92,-0.65977,-0.42992
15.96,-0.66857,-0.40161
16,-0.67661,-0.37157
16.04,-0.68393,-0.34041
16.08,-0.69056,-0.30828
16.12,-0.69651,-0.27441
16.16,-0.70181,-0.24012
16.2,-0.70647,-0.20427
16.24,-0.7105,-0.16777
16.28,-0.71391,-0.13063
16.32,-0.7167,-0.092171
16.36,-0.71885,-0.053818
16.4,-0.72037,-0.014368
16.44,-0.72124,0.02509
16.48,-0.72143,0.064625
16.52,-0.72092,0.10481
16.56,-0.71968,0.14423
16.6,-0.71767,0.18404
16.64,-0.71485,0.2231
16.68,-0.71117,0.26151
16.72,-0.70659,0.29974
16.76,-0.70106,0.33648
16.8,-0.69452,0.37277
16.84,-0.68693,0.40749
16.88,-0.67822,0.44082
16.92,-0.66834,0.47307
16.96,-0.65724,0.50315
17,-0.64488,0.53192
17.04,-0.6312,0.5584
17.08,-0.61616,0.58283
17.12,-0.59973,0.60533
17.16,-0.58186,0.62518
17.2,-0.56254,0.64299
17.24,-0.54173,0.65796
17.28,-0.51943,0.67045
17.32,-0.49563,0.68039
17.36,-0.47033,0.68744
17.4,-0.44355,0.69201
17.44,-0.4153,0.69347
17.48,-0.38561,0.69235
17.52,-0.35452,0.68835
17.56,-0.32208,0.68159
17.6,-0.28834,0.67224
17.64,-0.25338,0.65986
17.68,-0.21726,0.64517
17.72,-0.18009,0.62763
17.76,-0.14194,0.60781
17.8,-0.10293,0.58566
17.84,-0.063177,0.56089
17.88,-0.022793,0.53442
17.92,0.01809,0.50548
17.96,0.059334,0.47502
18,0.1008,0.44281
18.04,0.14233,0.40866
18.08,0.18378,0.37365
18.12,0.225,0.3368
18.16,0.2658,0.29936
18.2,0.30605,0.26095
18.24,0.34556,0.22142
18.28,0.38417,0.18195
18.32,0.42173,0.14142
18.36,0.45805,0.10123
18.4,0.49298,0.060874
18.44,0.52637,0.020258
18.48,0.55805,-0.019467
18.52,0.58787,-0.059491
18.56,0.6157,-0.098374
18.6,0.64139,-0.13673
18.64,0.66483,-0.1746
18.68,0.68588,-0.21097
18.72,0.70444,-0.24701
18.76,0.72041,-0.28135
18.8,0.73371,-0.3147
18.84,0.74425,-0.34701
18.88,0.75199,-0.37751
18.92,0.75686,-0.40726
18.96,0.75884,-0.43505
19,0.7579,-0.46167
19.04,0.75404,-0.48692
19.08,0.74727,-0.51036
19.12,0.7376,-0.53287
19.16,0.72509,-0.55345
19.2,0.70977,-0.57293
19.24,0.69173,-0.59092
19.28,0.67104,-0.60738
19.32,0.6478,-0.62292
19.36,0.62212,-0.63676
19.4,0.59411,-0.64977
19.44,0.56392,-0.66133
19.48,0.53168,-0.6718
19.52,0.49756,-0.68147
19.56,0.46171,-0.68979
19.6,0.42431,-0.69763
19.64,0.38553,-0.70415
19.68,0.34557,-0.71003
19.72,0.3046,-0.71528
19.76,0.26283,-0.71954
19.8,0.22044,-0.72362
19.84,0.17762,-0.72651
19.88,0.13457,-0.72915
19.92,0.091476,-0.73124
19.96,0.048528,-0.73264
20,0.0059046,-0.73401
20.04,-0.036219,-0.73427
20.08,-0.077676,-0.73449
20.12,-0.11831,-0.73415
20.16,-0.15796,-0.73326
20.2,-0.1965,-0.73231
20.24,-0.23379,-0.73025
20.28,-0.26973,-0.72816
20.32,-0.30419,-0.72534
20.36,-0.3371,-0.72198
20.4,-0.36837,-0.71834
20.44,-0.39793,-0.71351
20.48,-0.42574,-0.70847
20.52,-0.45175,-0.70244
20.56,-0.47593,-0.69576
20.6,-0.49828,-0.68844
20.64,-0.51878,-0.6798
20.68,-0.53746,-0.67068
20.72,-0.55433,-0.66023
20.76,-0.56943,-0.649
20.8,-0.5828,-0.63672
20.84,-0.59449,-0.62302
20.88,-0.60456,-0.60855
20.92,-0.61309,-0.59245
20.96,-0.62014,-0.5755
21,-0.6258,-0.55713
21.04,-0.63016,-0.53734
21.08,-0.63329,-0.5166
21.12,-0.6353,-0.49407
21.16,-0.63627,-0.47071
21.2,-0.63629,-0.44576
21.24,-0.63547,-0.41956
21.28,-0.63389,-0.39239
21.32,-0.63163,-0.36347
21.36,-0.62879,-0.33396
21.4,-0.62545,-0.30293
21.44,-0.62168,-0.27099
21.48,-0.61757,-0.23832
21.52,-0.61317,-0.20421
21.56,-0.60855,-0.16994
21.6,-0.60377,-0.13449
21.64,-0.59888,-0.09868
21.68,-0.59393,-0.062611
21.72,-0.58894,-0.025661
21.76,-0.58395,0.010854
21.8,-0.57898,0.047943
21.84,-0.57405,0.084686
21.88,-0.56917,0.12104
21.92,-0.56433,0.15752
21.96,-0.55955,0.19286
22,-0.5548,0.228
22.04,-0.55008,0.26202
22.08,-0.54535,0.29492
22.12,-0.54059,0.32708
22.16,-0.53577,0.35743
22.2,-0.53085,0.38674
22.24,-0.52578,0.41419
22.28,-0.52052,0.43983
22.32,-0.51501,0.4639
22.36,-0.50921,0.48562
22.4,-0.50305,0.50554
22.44,-0.49647,0.52302
22.48,-0.48942,0.53819
22.52,-0.48183,0.55113
22.56,-0.47363,0.56141
22.6,-0.46477,0.56936
22.64,-0.45517,0.57454
22.68,-0.44479,0.57721
22.72,-0.43355,0.57725
22.76,-0.4214,0.57465
22.8,-0.40828,0.56952
22.84,-0.39415,0.5616
22.88,-0.37895,0.55133
22.92,-0.36265,0.53837
22.96,-0.3452,0.52312
23,-0.32657,0.50551
23.04,-0.30675,0.48543
23.08,-0.2857,0.46348
23.12,-0.26342,0.43911
23.16,-0.2399,0.41313
23.2,-0.21516,0.38525
23.24,-0.18919,0.35549
23.28,-0.16203,0.32461
23.32,-0.13371,0.29185
23.36,-0.10425,0.25832
23.4,-0.073719,0.22359
23.44,-0.042163,0.18773
23.48,-0.0096489,0.15159
23.52,0.023748,0.11427
23.56,0.057944,0.077068
23.6,0.092849,0.039399
23.64,0.12836,0.0013911
23.68,0.16437,-0.036089
23.72,0.20077,-0.074044
23.76,0.23743,-0.11112
23.8,0.27422,-0.148
23.84,0.31101,-0.1845
23.88,0.34765,-0.21987
23.92,0.384,-0.25512
23.96,0.41991,-0.28893
24,0.45522,-0.32207
24.04,0.48977,-0.3543
24.08,0.52341,-0.38504
24.12,0.55596,-0.41523
24.16,0.58727,-0.44369
24.2,0.61717,-0.47124
24.24,0.64551,-0.49753
24.28,0.67213,-0.52225
24.32,0.69687,-0.54619
24.36,0.71958,-0.56833
24.4,0.74012,-0.58953
24.44,0.75835,-0.6093
24.48,0.77416,-0.62764
24.52,0.78741,-0.64509
24.56,0.798,-0.66087
24.6,0.80583,-0.67579
24.64,0.81083,-0.68924
24.68,0.81291,-0.70152
24.72,0.81202,-0.71286
24.76,0.80812,-0.72276
24.8,0.80118,-0.73191
24.84,0.79119,-0.73961
24.88,0.77814,-0.74639
24.92,0.76205,-0.7522
24.96,0.74297,-0.75677
25,0.72094,-0.76067
25.04,0.69604,-0.76313
25.08,0.66833,-0.76483
25.12,0.63793,-0.76548
25.16,0.60494,-0.76504
25.2,0.5695,-0.76387
25.24,0.53174,-0.76124
25.28,0.49182,-0.75791
25.32,0.44991,-0.75335
25.36,0.40618,-0.74779
25.4,0.36082,-0.7413
25.44,0.31402,-0.73332
25.48,0.26598,-0.72458
25.52,0.21692,-0.71437
25.56,0.16704,-0.70319
25.6,0.11656,-0.69082
25.64,0.065699,-0.67694
25.68,0.014663,-0.66217
25.72,-0.03633,-0.64571
25.76,-0.087066,-0.6283
25.8,-0.13734,-0.60946
25.84,-0.18695,-0.58913
25.88,-0.2357,-0.56783
25.92,-0.28341,-0.54471
25.96,-0.3299,-0.52074
26,-0.375,-0.49518
26.04,-0.41856,-0.46831
26.08,-0.46043,-0.44049
26.12,-0.5005,-0.41089
26.16,-0.53863,-0.38068
26.2,-0.57473,-0.34892
26.24,-0.60872,-0.31619
26.28,-0.64051,-0.28273
26.32,-0.67006,-0.24774
26.36,-0.69731,-0.21256
26.4,-0.72224,-0.17613
26.44,-0.74483,-0.13924
26.48,-0.76509,-0.10205
26.52,-0.78301,-0.063851
26.56,-0.79862,-0.026019
26.6,-0.81196,0.0125
26.64,-0.82306,0.050804
26.68,-0.83198,0.088798
26.72,-0.83878,0.12708
26.76,-0.84352,0.16432
26.8,-0.84628,0.20149
26.84,-0.84714,0.23768
26.88,-0.84617,0.27285
26.92,-0.84346,0.30745
26.96,-0.83909,0.34031
27,-0.83316,0.37228
27.04,-0.82574,0.40251
27.08,-0.81692,0.431
27.12,-0.80678,0.45808
27.16,-0.7954,0.48284
27.2,-0.78286,0.50591
27.24,-0.76923,0.52661
27.28,-0.75457,0.54503
27.32,-0.73894,0.5613
27.36,-0.72241,0.57489
27.4,-0.70503,0.5862
27.44,-0.68683,0.59472
27.48,-0.66787,0.6007
27.52,-0.64817,0.60405
27.56,-0.62777,0.60467
27.6,-0.60669,0.60271
27.64,-0.58496,0.59788
27.68,-0.5626,0.59057
27.72,-0.53961,0.58047
27.76,-0.51602,0.56793
27.8,-0.49183,0.55288
27.84,-0.46706,0.5352
27.88,-0.4417,0.51544
27.92,-0.41578,0.49308
27.96,-0.3893,0.46888
28,-0.36227,0.44255
28.04,-0.3347,0.4141
28.08,-0.30662,0.38427
28.12,-0.27803,0.3523
28.16,-0.24896,0.31928
28.2,-0.21943,0.28475
28.24,-0.18948,0.24882
28.28,-0.15913,0.21231
28.32,-0.12844,0.1743
28.36,-0.097423,0.13612
28.4,-0.066147,0.097136
28.44,-0.03466,0.057535
28.48,-0.0030205,0.01815
28.52,0.028709,-0.022041
28.56,0.060458,-0.0616
28.6,0.092153,-0.1013
28.64,0.12372,-0.14088
28.68,0.15506,-0.17957
28.72,0.1861,-0.21845
28.76,0.21674,-0.25606
28.8,0.24689,-0.29329
28.84,0.27644,-0.32977
28.88,0.30531,-0.36493
28.92,0.33337,-0.39978
28.96,0.36054,-0.43294
29,0.3867,-0.46539
29.04,0.41175,-0.49664
29.08,0.43559,-0.52638
29.12,0.45811,-0.55543
29.16,0.47921,-0.58264
29.2,0.4988,-0.60896
29.24,0.51678,-0.63379
29.28,0.53306,-0.65711
29.32,0.54755,-0.67953
29.36,0.56019,-0.7001
29.4,0.5709,-0.71975
29.44,0.5796,-0.73776
29.48,0.58625,-0.75439
29.52,0.59081,-0.76996
29.56,0.59322,-0.78381
29.6,0.59346,-0.79675
29.64,0.59151,-0.80796
29.68,0.58737,-0.81798
29.72,0.58103,-0.82681
29.76,0.57251,-0.83408
29.8,0.56184,-0.84043
29.84,0.54905,-0.84501
29.88,0.53418,-0.84854
29.92,0.5173,-0.85074
29.96,0.49848,-0.85152
30,0.47779,-0.85129
30.04,0.45532,-0.84928
30.08,0.43117,-0.84627
30.12,0.40544,-0.84174
30.16,0.37825,-0.83592
30.2,0.34972,-0.82891
30.24,0.31997,-0.82011
30.28,0.28913,-0.81031
30.32,0.25734,-0.79878
30.36,0.22473,-0.78605
30.4,0.19144,-0.77193
30.44,0.15762,-0.75603
30.48,0.12339,-0.7391
30.52,0.088893,-0.72027
30.56,0.054265,-0.70035
30.6,0.019633,-0.67886
30.64,-0.014878,-0.65571
30.68,-0.049147,-0.63152
30.72,-0.083062,-0.60537
30.76,-0.11652,-0.57832
30.8,-0.14941,-0.54963
30.84,-0.18165,-0.51951
30.88,-0.21316,-0.48847
30.92,-0.24385,-0.45557
30.96,-0.27367,-0.4221
31,-0.30255,-0.38709
31.04,-0.33045,-0.35107
31.08,-0.35731,-0.31441
31.12,-0.38311,-0.2762
31.16,-0.40782,-0.23789
31.2,-0.43142,-0.1984
31.24,-0.4539,-0.15846
31.28,-0.47524,-0.11836
31.32,-0.49544,-0.077256
31.36,-0.51451,-0.036652
31.4,-0.53245,0.0045517
31.44,-0.54927,0.045497
31.48,-0.56498,0.085979
31.52,-0.57961,0.12671
31.56,-0.59315,0.16627
31.6,-0.60564,0.20567
31.64,-0.61708,0.24402
31.68,-0.6275,0.28121
31.72,-0.63691,0.3178
31.76,-0.64533,0.35252
31.8,-0.65276,0.38628
31.84,-0.65923,0.41822
31.88,-0.66473,0.44832
31.92,-0.66928,0.47698
31.96,-0.67288,0.5032
32,-0.67553,0.52771
32.04,-0.67723,0.54977
32.08,-0.67797,0.56948
32.12,-0.67775,0.58703
32.16,-0.67655,0.60182
32.2,-0.67437,0.61433
32.24,-0.67119,0.62399
32.28,-0.66698,0.63108
32.32,-0.66173,0.63554
32.36,-0.65541,0.63721
32.4,-0.64801,0.63634
32.44,-0.6395,0.63253
32.48,-0.62985,0.62626
32.52,-0.61904,0.6172
32.56,-0.60704,0.60567
32.6,-0.59384,0.59167
32.64,-0.5794,0.57498
32.68,-0.56371,0.55623
32.72,-0.54676,0.5349
32.76,-0.52853,0.51167
32.8,-0.50901,0.48638
32.84,-0.4882,0.45889
32.88,-0.46609,0.43004
32.92,-0.44271,0.39905
32.96,-0.41805,0.36697
33,-0.39214,0.33342
33.04,-0.36501,0.29837
33.08,-0.33669,0.26277
33.12,-0.30722,0.22564
33.16,-0.27664,0.18829
33.2,-0.24503,0.15017
33.24,-0.21243,0.11131
33.28,-0.17893,0.072694
33.32,-0.14461,0.033226
33.36,-0.10954,-0.0056701
33.4,-0.073834,-0.044697
33.44,-0.037585,-0.083712
33.48,-0.00090324,-0.12185
33.52,0.036095,-0.16023
33.56,0.073289,-0.19741
33.6,0.11055,-0.23422
33.64,0.14775,-0.27041
33.68,0.18475,-0.30531
33.72,0.22142,-0.33998
33.76,0.2576,-0.37305
33.8,0.29315,-0.40546
33.84,0.32793,-0.43681
33.88,0.36179,-0.46671
33.92,0.39458,-0.49607
33.96,0.42615,-0.52367
34,0.45637,-0.55053
34.04,0.48508,-0.57606
34.08,0.51215,-0.6002
34.12,0.53745,-0.62364
34.16,0.56085,-0.64537
34.2,0.58223,-0.6664
34.24,0.60147,-0.68597
34.28,0.61847,-0.70437
34.32,0.63314,-0.72199
34.36,0.64539,-0.73805
34.4,0.65515,-0.75351
34.44,0.66236,-0.76747
34.48,0.66697,-0.78049
34.52,0.66893,-0.79266
34.56,0.66824,-0.80347
34.6,0.66487,-0.81372
34.64,0.65883,-0.82244
34.68,0.65014,-0.83038
34.72,0.63884,-0.83736
34.76,0.62497,-0.84309
34.8,0.60858,-0.8482
34.84,0.58976,-0.85171
34.88,0.56859,-0.85448
34.92,0.54516,-0.85605
34.96,0.51959,-0.85642
35,0.492,-0.85593
35.04,0.46251,-0.85373
35.08,0.43128,-0.85068
35.12,0.39844,-0.84611
35.16,0.36415,-0.8403
35.2,0.32857,-0.83327
35.24,0.29186,-0.8244
35.28,0.2542,-0.81446
35.32,0.21575,-0.80263
35.36,0.17668,-0.78952
35.4,0.13717,-0.77475
35.44,0.09738,-0.75808
35.48,0.057479,-0.74011
35.52,0.017626,-0.71994
35.56,-0.02202,-0.69847
35.6,-0.061311,-0.67502
35.64,-0.1001,-0.64969
35.68,-0.13826,-0.62296
35.72,-0.17566,-0.59386
35.76,-0.21218,-0.56362
35.8,-0.24772,-0.53124
35.84,-0.28217,-0.49724
35.88,-0.31545,-0.46191
35.92,-0.34748,-0.42434
35.96,-0.37819,-0.38598
36,-0.40753,-0.34564
36.04,-0.43546,-0.30416
36.08,-0.46192,-0.26173
36.12,-0.4869,-0.21749
36.16,-0.51038,-0.17305
36.2,-0.53235,-0.12716
36.24,-0.5528,-0.080833
36.28,-0.57174,-0.034236
36.32,-0.58919,0.013425
36.36,-0.60515,0.060473
36.4,-0.61965,0.10815
36.44,-0.63273,0.15534
36.48,-0.64441,0.20192
36.52,-0.65472,0.24855
36.56,-0.66371,0.29366
36.6,-0.67141,0.33835
36.64,-0.67786,0.38155
36.68,-0.68312,0.42317
36.72,-0.6872,0.46373
36.76,-0.69017,0.50188
36.8,-0.69206,0.53853
36.84,-0.6929,0.57274
36.88,-0.69273,0.60451
36.92,-0.69158,0.63415
36.96,-0.6895,0.66069
37,-0.68649,0.6848
37.04,-0.6826,0.70575
37.08,-0.67783,0.72365
37.12,-0.67221,0.73862
37.16,-0.66574,0.75015
37.2,-0.65845,0.75863
37.24,-0.65033,0.76358
37.28,-0.64138,0.76529
37.32,-0.63162,0.76363
37.36,-0.62102,0.75864
37.4,-0.60959,0.75043
37.44,-0.59733,0.73874
37.48,-0.58421,0.7241
37.52,-0.57023,0.70611
37.56,-0.55538,0.68532
37.6,-0.53965,0.66163
37.64,-0.52302,0.63492
37.68,-0.50549,0.606
37.72,-0.48705,0.57416
37.76,-0.46768,0.54043
37.8,-0.44739,0.50452
37.84,-0.42617,0.46638
37.88,-0.40403,0.42704
37.92,-0.38096,0.38556
37.96,-0.35697,0.3433
38,-0.33209,0.2998
38.04,-0.30631,0.25504
38.08,-0.27967,0.21022
38.12,-0.25219,0.16417
38.16,-0.22391,0.11846
38.2,-0.19485,0.072478
38.24,-0.16506,0.026249
38.28,-0.13459,-0.019041
38.32,-0.1035,-0.064662
38.36,-0.071836,-0.10899
38.4,-0.039673,-0.15276
38.44,-0.0070792,-0.19592
38.48,0.025869,-0.2374
38.52,0.059089,-0.27848
38.56,0.092494,-0.31761
38.6,0.12599,-0.35564
38.64,0.15949,-0.39242
38.68,0.19288,-0.42716
38.72,0.22606,-0.46101
38.76,0.25892,-0.49262
38.8,0.29135,-0.52291
38.84,0.32323,-0.55157
38.88,0.35446,-0.5782
38.92,0.3849,-0.60373
38.96,0.41443,-0.62703
39,0.44295,-0.6491
39.04,0.47032,-0.66942
39.08,0.49642,-0.688
39.12,0.52114,-0.7055
39.16,0.54436,-0.72105
39.2,0.56596,-0.73564
39.24,0.58584,-0.74854
39.28,0.60389,-0.76019
39.32,0.62001,-0.77089
39.36,0.6341,-0.78003
39.4,0.64609,-0.7886
39.44,0.65589,-0.79561
39.48,0.66344,-0.80189
39.52,0.66867,-0.80738
39.56,0.67153,-0.81173
39.6,0.67198,-0.81582
39.64,0.66999,-0.81851
39.68,0.66556,-0.82088
39.72,0.65866,-0.82256
39.76,0.64931,-0.82342
39.8,0.63754,-0.82419
39.84,0.62336,-0.82364
39.88,0.60682,-0.82301
39.92,0.58798,-0.82166
39.96,0.56691,-0.81966
40,0.54368,-0.81752
40.04,0.5184,-0.81408
40.08,0.49114,-0.81056
40.12,0.46203,-0.80615
40.16,0.43119,-0.8011
40.2,0.39874,-0.79567
40.24,0.36481,-0.78886
40.28,0.32955,-0.78179
40.32,0.29309,-0.77354
40.36,0.25559,-0.76455
40.4,0.21719,-0.7548
40.44,0.17804,-0.74355
40.48,0.1383,-0.73176
40.52,0.098115,-0.71842
40.56,0.057632,-0.70425
40.6,0.016995,-0.68885
40.64,-0.023652,-0.67188
40.68,-0.064175,-0.65408
40.72,-0.10444,-0.63443
40.76,-0.14433,-0.61386
40.8,-0.18371,-0.59171
40.84,-0.22249,-0.56801
40.88,-0.26055,-0.54328
40.92,-0.2978,-0.51654
40.96,-0.33415,-0.48896
41,-0.36951,-0.45959
41.04,-0.40382,-0.42889
41.08,-0.437,-0.39713
41.12,-0.469,-0.36344
41.16,-0.49976,-0.32916
41.2,-0.52925,-0.29315
41.24,-0.55741,-0.25621
41.28,-0.58422,-0.21846
41.32,-0.60964,-0.1791
41.36,-0.63366,-0.13961
41.4,-0.65626,-0.098753
41.44,-0.67742,-0.057569
41.48,-0.69713,-0.016061
41.52,-0.71538,0.026464
41.56,-0.73217,0.06847
41.6,-0.74749,0.11122
41.64,-0.76134,0.15353
41.68,-0.77372,0.19548
41.72,-0.78461,0.23763
41.76,-0.79404,0.27852
41.8,-0.80198,0.31931
41.84,-0.80844,0.35882
41.88,-0.81342,0.39719
41.92,-0.8169,0.43481
41.96,-0.8189,0.47042
42,-0.81939,0.50502
42.04,-0.81839,0.53751
42.08,-0.81587,0.5681
42.12,-0.81183,0.597
42.16,-0.80628,0.62328
42.2,-0.79919,0.64767
42.24,-0.79056,0.66927
42.28,-0.7804,0.68837
42.32,-0.76869,0.70498
42.36,-0.75543,0.71859
42.4,-0.74063,0.72965
42.44,-0.72429,0.73748
42.48,-0.70641,0.74252
42.52,-0.68701,0.74452
42.56,-0.6661,0.74347
42.6,-0.6437,0.73953
42.64,-0.61983,0.73227
42.68,-0.59451,0.72227
42.72,-0.56779,0.70906
42.76,-0.53969,0.69311
42.8,-0.51027,0.67433
42.84,-0.47957,0.6525
42.88,-0.44766,0.62836
42.92,-0.41458,0.60123
42.96,-0.38041,0.57201
43,-0.34523,0.54039
43.04,-0.30912,0.50631
43.08,-0.27215,0.4707
43.12,-0.23443,0.43262
43.16,-0.19604,0.39338
43.2,-0.1571,0.35244
43.24,-0.11772,0.30988
43.28,-0.077997,0.26672
43.32,-0.038057,0.22186
43.36,0.0019796,0.17686
43.4,0.041989,0.13101
43.44,0.081845,0.084467
43.48,0.12142,0.038286
43.52,0.16058,-0.0087529
43.56,0.19919,-0.054979
43.6,0.23713,-0.10123
43.64,0.27426,-0.14727
43.68,0.31044,-0.19214
43.72,0.34556,-0.23708
43.76,0.37947,-0.28045
43.8,0.41206,-0.32316
43.84,0.4432,-0.36491
43.88,0.47278,-0.40495
43.92,0.50067,-0.44441
43.96,0.52678,-0.4818
44,0.55099,-0.51809
44.04,0.57321,-0.55287
44.08,0.59335,-0.58568
44.12,0.61132,-0.61746
44.16,0.62705,-0.64697
44.2,0.64048,-0.67515
44.24,0.65154,-0.7015
44.28,0.66019,-0.72587
44.32,0.6664,-0.74896
44.36,0.67012,-0.76978
44.4,0.67136,-0.78925
44.44,0.67009,-0.80674
44.48,0.66633,-0.82242
44.52,0.66009,-0.83669
44.56,0.6514,-0.84888
44.6,0.6403,-0.85976
44.64,0.62684,-0.86865
44.68,0.61109,-0.87599
44.72,0.59311,-0.88184
44.76,0.573,-0.88588
44.8,0.55085,-0.88868
44.84,0.52676,-0.88951
44.88,0.50085,-0.88908
44.92,0.47323,-0.88707
44.96,0.44405,-0.88352
45,0.41343,-0.87876
45.04,0.38152,-0.87211
45.08,0.34846,-0.86438
45.12,0.31441,-0.85499
45.16,0.27953,-0.84432
45.2,0.24396,-0.83238
45.24,0.20786,-0.81865
45.28,0.1714,-0.80397
45.32,0.13472,-0.78755
45.36,0.09799,-0.77005
45.4,0.061349,-0.75122
45.44,0.024947,-0.73071
45.48,-0.011074,-0.70936
45.52,-0.046579,-0.6862
45.56,-0.081439,-0.66219
45.6,-0.11553,-0.63681
45.64,-0.14875,-0.60994
45.68,-0.18099,-0.58235
45.72,-0.21214,-0.553
45.76,-0.24214,-0.52306
45.8,-0.27091,-0.4918
45.84,-0.29839,-0.45938
45.88,-0.32451,-0.42642
45.92,-0.34925,-0.39191
45.96,-0.37258,-0.35718
46,-0.39447,-0.32133
46.04,-0.41492,-0.28478
46.08,-0.43392,-0.24801
46.12,-0.4515,-0.21009
46.16,-0.46766,-0.17243
46.2,-0.48245,-0.13406
46.24,-0.49589,-0.095556
46.28,-0.50803,-0.057324
46.32,-0.51893,-0.018517
46.36,-0.52862,0.019459
46.4,-0.53719,0.05756
46.44,-0.54469,0.095108
46.48,-0.55119,0.1318
46.52,-0.55675,0.16834
46.56,-0.56146,0.20343
46.6,-0.56538,0.23794
46.64,-0.56858,0.27117
46.68,-0.57113,0.30294
46.72,-0.5731,0.33375
46.76,-0.57455,0.36255
46.8,-0.57554,0.39003
46.84,-0.57612,0.41558
46.88,-0.57635,0.43911
46.92,-0.57627,0.46094
46.96,-0.57591,0.48034
47,-0.57531,0.49779
47.04,-0.57448,0.5128
47.08,-0.57345,0.52543
47.12,-0.57221,0.53579
47.16,-0.57077,0.54352
47.2,-0.56912,0.54891
47.24,-0.56723,0.5516
47.28,-0.56508,0.55184
47.32,-0.56264,0.5495
47.36,-0.55987,0.54465
47.4,-0.55671,0.53737
47.44,-0.55311,0.52745
47.48,-0.54902,0.51533
47.52,-0.54436,0.50067
47.56,-0.53906,0.48392
47.6,-0.53305,0.465
47.64,-0.52625,0.44379
47.68,-0.51859,0.42096
47.72,-0.50999,0.39593
47.76,-0.50036,0.3695
47.8,-0.48965,0.34146
47.84,-0.47777,0.31174
47.88,-0.46465,0.28117
47.92,-0.45024,0.249
47.96,-0.43447,0.21628
48,-0.4173,0.18266
48.04,-0.39869,0.14812
48.08,-0.3786,0.11358
48.12,-0.35702,0.078139
48.16,-0.33392,0.043009
48.2,-0.30932,0.0077183
48.24,-0.28322,-0.027727
48.28,-0.25565,-0.062405
48.32,-0.22663,-0.0973
48.36,-0.19623,-0.13116
48.4,-0.16449,-0.16456
48.44,-0.1315,-0.19746
48.48,-0.097339,-0.22904
48.52,-0.062104,-0.26028
48.56,-0.025908,-0.29001
48.6,0.011128,-0.31887
48.64,0.048869,-0.34675
48.68,0.087172,-0.37305
48.72,0.12588,-0.39867
48.76,0.16484,-0.42256
48.8,0.20387,-0.44543
48.84,0.2428,-0.46707
48.88,0.28144,-0.48715
48.92,0.3196,-0.50641
48.96,0.35711,-0.52398
49,0.39376,-0.54063
49.04,0.42936,-0.55596
49.08,0.46372,-0.57
49.12,0.49665,-0.58323
49.16,0.52797,-0.59501
49.2,0.55749,-0.60609
49.24,0.58505,-0.61592
49.28,0.61047,-0.62483
49.32,0.63361,-0.63304
49.36,0.65431,-0.64011
49.4,0.67244,-0.64677
49.44,0.68788,-0.65227
49.48,0.70053,-0.65724
49.52,0.71029,-0.66162
49.56,0.71708,-0.66515
49.6,0.72084,-0.66846
49.64,0.72152,-0.67073
49.68,0.71911,-0.67273
49.72,0.71358,-0.67417
49.76,0.70496,-0.67497
49.8,0.69326,-0.6756
49.84,0.67853,-0.67522
49.88,0.66083,-0.67467
49.92,0.64024,-0.67346
49.96,0.61685,-0.67168
50,0.59079,-0.6696
50.04,0.56217,-0.66646
50.08,0.53113,-0.66307
50.12,0.49784,-0.6588
50.16,0.46244,-0.6539
50.2,0.42512,-0.64842
50.24,0.38607,-0.64175
50.28,0.34546,-0.63462
50.32,0.3035,-0.62628
50.36,0.26039,-0.61722
50.4,0.21634,-0.60717
50.44,0.17154,-0.59582
50.48,0.12621,-0.58373
50.52,0.080535,-0.57012
50.56,0.03473,-0.55568
50.6,-0.011014,-0.53987
50.64,-0.056508,-0.52272
50.68,-0.10157,-0.50459
50.72,-0.14602,-0.48474
50.76,-0.18969,-0.46404
50.8,-0.23243,-0.44173
50.84,-0.2741,-0.41817
50.88,-0.31454,-0.39356
50.92,-0.35365,-0.3672
50.96,-0.3913,-0.34015
51,-0.4274,-0.31149
51.04,-0.46186,-0.28186
51.08,-0.49461,-0.25135
51.12,-0.52557,-0.2193
51.16,-0.5547,-0.18694
51.2,-0.58196,-0.15324
51.24,-0.60733,-0.11906
51.28,-0.63077,-0.084422
51.32,-0.6523,-0.048752
51.36,-0.67191,-0.013324
51.4,-0.68962,0.022875
51.44,-0.70545,0.058886
51.48,-0.71943,0.094724
51.52,-0.73159,0.13086
51.56,-0.74199,0.16606
51.6,-0.75067,0.20124
51.64,-0.75769,0.23547
51.68,-0.76311,0.26876
51.72,-0.76698,0.30148
51.76,-0.76938,0.33255
51.8,-0.77037,0.36272
51.84,-0.77002,0.39117
51.88,-0.76839,0.41794
51.92,-0.76555,0.44325
51.96,-0.76156,0.46631
52,-0.75648,0.48765
52.04,-0.75037,0.50663
52.08,-0.74328,0.52335
52.12,-0.73527,0.53789
52.16,-0.72638,0.54979
52.2,-0.71665,0.55937
52.24,-0.70612,0.56619
52.28,-0.69482,0.57048
52.32,-0.68277,0.57212
52.36,-0.67001,0.57107
52.4,-0.65654,0.56744
52.44,-0.64237,0.56098
52.48,-0.62753,0.55207
52.52,-0.61201,0.54041
52.56,-0.59581,0.52637
52.6,-0.57893,0.50988
52.64,-0.56136,0.49083
52.68,-0.54311,0.46981
52.72,-0.52415,0.44628
52.76,-0.50448,0.42102
52.8,-0.4841,0.39376
52.84,-0.46297,0.36454
52.88,-0.44111,0.33408
52.92,-0.4185,0.30167
52.96,-0.39512,0.26839
53,-0.37098,0.23382
53.04,-0.34608,0.19804
53.08,-0.32041,0.16191
53.12,-0.29398,0.12454
53.16,-0.2668,0.087215
53.2,-0.23889,0.049365
53.24,-0.21026,0.01114
53.28,-0.18095,-0.026609
53.32,-0.15098,-0.064866
53.36,-0.12039,-0.10227
53.4,-0.08922,-0.13951
53.44,-0.057529,-0.17639
53.48,-0.025369,-0.21215
53.52,0.0071983,-0.24781
53.56,0.040104,-0.28202
53.6,0.073273,-0.31559
53.64,0.10663,-0.34823
53.68,0.14008,-0.3794
53.72,0.17354,-0.41004
53.76,0.20691,-0.43892
53.8,0.2401,-0.46693
53.84,0.273,-0.49367
53.88,0.3055,-0.51887
53.92,0.3375,-0.54332
53.96,0.36889,-0.56597
54,0.39955,-0.58774
54.04,0.42937,-0.60809
54.08,0.45823,-0.62707
54.12,0.48603,-0.64523
54.16,0.51266,-0.66175
54.2,0.538,-0.67753
54.24,0.56195,-0.69187
54.28,0.58441,-0.70513
54.32,0.60528,-0.71758
54.36,0.62446,-0.72863
54.4,0.64186,-0.73912
54.44,0.6574,-0.7482
54.48,0.67101,-0.75649
54.52,0.6826,-0.76397
54.56,0.69212,-0.77029
54.6,0.69951,-0.77612
54.64,0.70472,-0.78056
54.68,0.7077,-0.78441
54.72,0.70843,-0.78734
54.76,0.70689,-0.78926
54.8,0.70305,-0.79063
54.84,0.69692,-0.79057
54.88,0.68849,-0.78993
54.92,0.67779,-0.78817
54.96,0.66482,-0.78543
55,0.64963,-0.78188
55.04,0.63225,-0.77682
55.08,0.61274,-0.77104
55.12,0.59115,-0.76382
55.16,0.56755,-0.75556
55.2,0.54202,-0.74613
55.24,0.51464,-0.73507
55.28,0.48551,-0.72306
55.32,0.45472,-0.70927
55.36,0.42237,-0.69437
55.4,0.38859,-0.6779
55.44,0.35348,-0.65974
55.48,0.31717,-0.64041
55.52,0.27978,-0.61902
55.56,0.24145,-0.59654
55.6,0.20231,-0.57219
55.64,0.16249,-0.54623
55.68,0.12213,-0.51901
55.72,0.081363,-0.48966
55.76,0.04033,-0.45938
55.8,-0.00083647,-0.42717
55.84,-0.042002,-0.39363
55.88,-0.083034,-0.35898
55.92,-0.12381,-0.3224
55.96,-0.1642,-0.28527
56,-0.20408,-0.24647
56.04,-0.24335,-0.20685
56.08,-0.28189,-0.16656
56.12,-0.31959,-0.12484
56.16,-0.35637,-0.08319
56.2,-0.39214,-0.040446
56.24,-0.4268,0.0023774
56.28,-0.46028,0.045185
56.32,-0.49251,0.088638
56.36,-0.52343,0.13123
56.4,-0.55297,0.17407
56.44,-0.5811,0.2161
56.48,-0.60776,0.25727
56.52,-0.63291,0.29809
56.56,-0.65653,0.33722
56.6,-0.67858,0.37559
56.64,-0.69905,0.41225
56.68,-0.71791,0.44716
56.72,-0.73516,0.4807
56.76,-0.75078,0.51178
56.8,-0.76478,0.54113
56.84,-0.77715,0.56795
56.88,-0.78789,0.5923
56.92,-0.79701,0.61436
56.96,-0.80452,0.63344
57,-0.81042,0.65
57.04,-0.81474,0.66348
57.08,-0.81747,0.67405
57.12,-0.81865,0.68169
57.16,-0.81827,0.68617
57.2,-0.81638,0.6877
57.24,-0.81298,0.68594
57.28,-0.80809,0.68124
57.32,-0.80174,0.67336
57.36,-0.79396,0.66255
57.4,-0.78476,0.64879
57.44,-0.77417,0.63194
57.48,-0.76223,0.61255
57.52,-0.74895,0.59015
57.56,-0.73437,0.56544
57.6,-0.71853,0.53823
57.64,-0.70145,0.50847
57.68,-0.68317,0.47696
57.72,-0.66374,0.44297
57.76,-0.64318,0.40761
57.8,-0.62153,0.37049
57.84,-0.59885,0.33166
57.88,-0.57518,0.29208
57.92,-0.55056,0.25082
57.96,-0.52504,0.20924
58,-0.49868,0.16682
58.04,-0.47151,0.12363
58.08,-0.44361,0.080736
58.12,-0.41502,0.037029
58.16,-0.38579,-0.0059796
58.2,-0.35599,-0.04894
58.24,-0.32568,-0.091758
58.28,-0.2949,-0.13341
58.32,-0.26373,-0.17507
58.36,-0.23221,-0.21522
58.4,-0.20041,-0.25463
58.44,-0.16838,-0.29315
58.48,-0.13619,-0.32993
58.52,-0.10389,-0.36609
58.56,-0.071551,-0.40026
58.6,-0.03922,-0.43327
58.64,-0.0069608,-0.46489
58.68,0.025165,-0.49454
58.72,0.057098,-0.52322
58.76,0.088775,-0.54973
58.8,0.12014,-0.57498
58.84,0.15112,-0.59859
58.88,0.18165,-0.62035
58.92,0.21168,-0.64101
58.96,0.24113,-0.65963
59,0.26994,-0.67713
59.04,0.29805,-0.69296
59.08,0.32538,-0.70728
59.12,0.35186,-0.72057
59.16,0.37743,-0.73213
59.2,0.40201,-0.74288
59.24,0.42554,-0.75205
59.28,0.44795,-0.76018
59.32,0.46916,-0.76742
59.36,0.4891,-0.77333
59.4,0.50772,-0.77874
59.44,0.52492,-0.78272
59.48,0.54067,-0.78611
59.52,0.55488,-0.78874
59.56,0.56749,-0.79038
59.6,0.57845,-0.79176
59.64,0.5877,-0.79182
59.68,0.59519,-0.79161
59.72,0.60088,-0.79066
59.76,0.60471,-0.78897
59.8,0.60665,-0.78706
59.84,0.60667,-0.78389
59.88,0.60474,-0.78056
59.92,0.60086,-0.77636
59.96,0.59499,-0.77153
60,0.58715,-0.76632
60.04,0.57733,-0.75981
60.08,0.56554,-0.75305
60.12,0.55181,-0.74518
60.16,0.53617,-0.73665
60.2,0.51865,-0.72741
60.24,0.4993,-0.71678
60.28,0.47816,-0.70568
60.32,0.45531,-0.69315
60.36,0.43081,-0.67985
60.4,0.40473,-0.66545
60.44,0.37716,-0.64958
60.48,0.34819,-0.63295
60.52,0.31791,-0.6146
60.56,0.28642,-0.59541
60.6,0.25384,-0.57474
60.64,0.22026,-0.55261
60.68,0.1858,-0.52952
60.72,0.15057,-0.50453
60.76,0.11469,-0.47874
60.8,0.078287,-0.45125
60.84,0.041467,-0.42248
60.88,0.0043508,-0.3927
60.92,-0.032944,-0.36106
60.96,-0.070301,-0.32884
61,-0.10761,-0.29495
61.04,-0.14475,-0.26014
61.08,-0.18162,-0.22454
61.12,-0.21811,-0.18737
61.16,-0.25411,-0.15005
61.2,-0.28954,-0.11139
61.24,-0.32428,-0.072384
61.28,-0.35825,-0.033042
61.32,-0.39137,0.0072945
61.36,-0.42353,0.047172
61.4,-0.45467,0.087768
61.44,-0.48471,0.12798
61.48,-0.51357,0.16786
61.52,-0.54118,0.20793
61.56,-0.56749,0.24683
61.6,-0.59243,0.28562
61.64,-0.61594,0.3232
61.68,-0.63797,0.35967
61.72,-0.65848,0.39543
61.76,-0.67741,0.42927
61.8,-0.69473,0.46211
61.84,-0.71041,0.49294
61.88,-0.72439,0.52193
61.92,-0.73667,0.5493
61.96,-0.7472,0.57414
62,-0.75597,0.59717
62.04,-0.76296,0.61754
62.08,-0.76816,0.63551
62.12,-0.77155,0.6511
62.16,-0.77313,0.66383
62.2,-0.77289,0.67414
62.24,-0.77084,0.6814
62.28,-0.76698,0.68601
62.32,-0.76132,0.68778
62.36,-0.75388,0.68666
62.4,-0.74467,0.68286
62.44,-0.73371,0.67595
62.48,-0.72104,0.6665
62.52,-0.70669,0.6541
62.56,-0.69069,0.63916
62.6,-0.6731,0.62165
62.64,-0.65395,0.60132
62.68,-0.6333,0.57893
62.72,-0.61122,0.55383
62.76,-0.58776,0.52686
62.8,-0.563,0.49778
62.84,-0.537,0.46646
62.88,-0.50986,0.43385
62.92,-0.48164,0.39907
62.96,-0.45244,0.36329
63,-0.42234,0.32611
63.04,-0.39145,0.28748
63.08,-0.35985,0.24845
63.12,-0.32764,0.20797
63.16,-0.29493,0.16745
63.2,-0.26181,0.12632
63.24,-0.22839,0.084592
63.28,-0.19476,0.043342
63.32,-0.16104,0.0014116
63.36,-0.12732,-0.039704
63.4,-0.093699,-0.080702
63.44,-0.06028,-0.12149
63.48,-0.02716,-0.1611
63.52,0.0055693,-0.20072
63.56,0.037816,-0.23887
63.6,0.069491,-0.27635
63.64,0.10051,-0.31298
63.68,0.1308,-0.348
63.72,0.16027,-0.38253
63.76,0.18886,-0.41519
63.8,0.2165,-0.4469
63.84,0.24313,-0.47732
63.88,0.26868,-0.506
63.92,0.29312,-0.53389
63.96,0.31638,-0.5598
64,0.33843,-0.5847
64.04,0.35923,-0.60808
64.08,0.37875,-0.62985
64.12,0.39695,-0.65072
64.16,0.41383,-0.66972
64.2,0.42935,-0.68783
64.24,0.4435,-0.70435
64.28,0.45628,-0.71957
64.32,0.46767,-0.73388
64.36,0.47767,-0.74658
64.4,0.48629,-0.7586
64.44,0.49352,-0.76907
64.48,0.49938,-0.7786
64.52,0.50387,-0.78726
64.56,0.507,-0.7946
64.6,0.50878,-0.80146
64.64,0.50923,-0.80682
64.68,0.50836,-0.81157
64.72,0.50619,-0.81546
64.76,0.50274,-0.81828
64.8,0.49803,-0.82071
64.84,0.49207,-0.82169
64.88,0.4849,-0.82224
64.92,0.47653,-0.82186
64.96,0.46698,-0.82056
65,0.45629,-0.81883
65.04,0.44447,-0.81563
65.08,0.43156,-0.81204
65.12,0.41758,-0.80734
65.16,0.40256,-0.80178
65.2,0.38654,-0.79557
65.24,0.36954,-0.78785
65.28,0.35159,-0.77963
65.32,0.33274,-0.77005
65.36,0.31303,-0.75959
65.4,0.29248,-0.74817
65.44,0.27113,-0.73519
65.48,0.24904,-0.72152
65.52,0.22625,-0.70622
65.56,0.20279,-0.69002
65.6,0.17872,-0.67252
65.64,0.15408,-0.65346
65.68,0.12892,-0.63354
65.72,0.10329,-0.6118
65.76,0.077243,-0.58918
65.8,0.050831,-0.56504
65.84,0.024105,-0.53944
65.88,-0.0028819,-0.51292
65.92,-0.030077,-0.48452
65.96,-0.057427,-0.45542
66,-0.084878,-0.42473
66.04,-0.11238,-0.39286
66.08,-0.13988,-0.36019
66.12,-0.16732,-0.32581
66.16,-0.19466,-0.29107
66.2,-0.22184,-0.25491
66.24,-0.24883,-0.21805
66.28,-0.27556,-0.1807
66.32,-0.30201,-0.14206
66.36,-0.32811,-0.10357
66.4,-0.35384,-0.064103
66.44,-0.37915,-0.024562
66.48,-0.404,0.014939
66.52,-0.42836,0.055091
66.56,-0.45219,0.094456
66.6,-0.47545,0.13414
66.64,-0.49812,0.17315
66.68,-0.52016,0.21146
66.72,-0.54153,0.24962
66.76,-0.56221,0.2863
66.8,-0.58217,0.32251
66.84,-0.60137,0.35727
66.88,-0.61979,0.39062
66.92,-0.63739,0.42296
66.96,-0.65414,0.45319
67,-0.67001,0.48213
67.04,-0.68497,0.50892
67.08,-0.69899,0.53368
67.12,-0.71202,0.55662
67.16,-0.72404,0.57697
67.2,-0.735,0.59535
67.24,-0.74487,0.61103
67.28,-0.75361,0.62427
67.32,-0.76119,0.63507
67.36,-0.76755,0.64307
67.4,-0.77267,0.64863
67.44,-0.7765,0.65123
67.48,-0.77899,0.65127
67.52,-0.78012,0.64853
67.56,-0.77983,0.6431
67.6,-0.7781,0.6351
67.64,-0.77487,0.62417
67.68,-0.77012,0.61093
67.72,-0.76381,0.5949
67.76,-0.7559,0.57661
67.8,-0.74638,0.55597
67.84,-0.7352,0.53278
67.88,-0.72235,0.50782
67.92,-0.70781,0.4804
67.96,-0.69156,0.45144
68,-0.67361,0.42064
68.04,-0.65393,0.38793
68.08,-0.63255,0.35423
68.12,-0.60945,0.31866
68.16,-0.58467,0.28242
68.2,-0.55823,0.24506
68.24,-0.53014,0.20658
68.28,-0.50045,0.16799
68.32,-0.46921,0.12824
68.36,-0.43646,0.08873
68.4,-0.40226,0.04887
68.44,-0.36667,0.0086996
68.48,-0.32978,-0.030773
68.52,-0.29166,-0.070669
68.56,-0.25239,-0.10955
68.6,-0.21207,-0.14811
68.64,-0.17081,-0.18625
68.68,-0.1287,-0.22308
68.72,-0.08587,-0.25972
68.76,-0.042426,-0.29478
68.8,0.0015029,-0.32905
68.84,0.045787,-0.36234
68.88,0.090291,-0.39398
68.92,0.13488,-0.42499
68.96,0.1794,-0.45414
69,0.22372,-0.48226
69.04,0.26768,-0.50904
69.08,0.31114,-0.53413
69.12,0.35394,-0.55834
69.16,0.39592,-0.58065
69.2,0.43694,-0.60193
69.24,0.47684,-0.6217
69.28,0.51547,-0.63996
69.32,0.55267,-0.65726
69.36,0.5883,-0.67281
69.4,0.62221,-0.68748
69.44,0.65426,-0.70062
69.48,0.68431,-0.71254
69.52,0.71222,-0.72353
69.56,0.73787,-0.73303
69.6,0.76114,-0.74183
69.64,0.78192,-0.74915
69.68,0.8001,-0.75559
69.72,0.81559,-0.76112
69.76,0.82829,-0.76544
69.8,0.83814,-0.76919
69.84,0.84507,-0.77153
69.88,0.84903,-0.77324
69.92,0.84999,-0.77402
69.96,0.84791,-0.77379
70,0.84279,-0.77303
70.04,0.83463,-0.77088
70.08,0.82344,-0.76823
70.12,0.80927,-0.76453
70.16,0.79216,-0.75995
70.2,0.77218,-0.75472
70.24,0.74938,-0.74809
70.28,0.72388,-0.74093
70.32,0.69577,-0.73253
70.36,0.66518,-0.7233
70.4,0.63222,-0.71317
70.44,0.59704,-0.70162
70.48,0.55978,-0.68942
70.52,0.52062,-0.67574
70.56,0.47972,-0.66123
70.6,0.43724,-0.64555
70.64,0.39337,-0.62843
70.68,0.3483,-0.61052
70.72,0.30221,-0.59094
70.76,0.25529,-0.57056
70.8,0.20772,-0.54876
70.84,0.1597,-0.52561
70.88,0.1114,-0.50159
70.92,0.063003,-0.47582
70.96,0.014686,-0.44938
71,-0.033385,-0.42143
71.04,-0.081048,-0.39235
71.08,-0.12815,-0.36247
71.12,-0.17455,-0.33094
71.16,-0.22011,-0.29903
71.2,-0.26471,-0.26572
71.24,-0.30822,-0.23168
71.28,-0.35056,-0.19711
71.32,-0.39162,-0.16124
71.36,-0.43132,-0.12542
71.4,-0.46958,-0.088581
71.44,-0.50635,-0.051579
71.48,-0.54158,-0.01451
71.52,-0.57521,0.023276
71.56,-0.60722,0.060427
71.6,-0.63759,0.097986
71.64,-0.66629,0.13502
71.68,-0.69331,0.17148
71.72,-0.71866,0.20791
71.76,-0.74233,0.24304
71.8,-0.76434,0.27781
71.84,-0.78469,0.3113
71.88,-0.8034,0.34354
71.92,-0.82049,0.37489
71.96,-0.83597,0.40431
72,-0.84988,0.43256
72.04,-0.86222,0.45883
72.08,-0.87303,0.4832
72.12,-0.88232,0.50589
72.16,-0.89011,0.52614
72.2,-0.89642,0.54452
72.24,-0.90127,0.56037
72.28,-0.90467,0.57388
72.32,-0.90664,0.58506
72.36,-0.90718,0.59356
72.4,-0.90629,0.5997
72.44,-0.90399,0.60302
72.48,-0.90028,0.60384
72.52,-0.89515,0.60198
72.56,-0.8886,0.5975
72.6,-0.88062,0.5905
72.64,-0.87122,0.58069
72.68,-0.86037,0.56858
72.72,-0.84808,0.55374
72.76,-0.83432,0.53669
72.8,-0.8191,0.51728
72.84,-0.80239,0.49542
72.88,-0.78419,0.47175
72.92,-0.7645,0.44564
72.96,-0.74329,0.41799
73,-0.72058,0.38846
73.04,-0.69637,0.35706
73.08,-0.67064,0.32458
73.12,-0.64342,0.29021
73.16,-0.61471,0.25513
73.2,-0.58454,0.21882
73.24,-0.55291,0.18139
73.28,-0.51987,0.14371
73.32,-0.48545,0.10481
73.36,-0.4497,0.066053
73.4,-0.41265,0.026776
73.44,-0.37437,-0.01283
73.48,-0.33492,-0.051928
73.52,-0.29438,-0.091563
73.56,-0.25282,-0.1303
73.6,-0.21034,-0.16893
73.64,-0.16702,-0.20717
73.68,-0.12297,-0.24432
73.72,-0.078309,-0.28141
73.76,-0.033142,-0.31705
73.8,0.012405,-0.35212
73.84,0.058201,-0.38625
73.88,0.10411,-0.41894
73.92,0.14999,-0.45114
73.96,0.19571,-0.48157
74,0.2411,-0.51119
74.04,0.28601,-0.53948
74.08,0.3303,-0.56625
74.12,0.37381,-0.59226
74.16,0.41637,-0.61641
74.2,0.45783,-0.63971
74.24,0.49803,-0.66147
74.28,0.53681,-0.68183
74.32,0.57403,-0.7013
74.36,0.60953,-0.71902
74.4,0.64315,-0.73596
74.44,0.67477,-0.75129
74.48,0.70424,-0.76546
74.52,0.73144,-0.77869
74.56,0.75624,-0.79037
74.6,0.77852,-0.8014
74.64,0.7982,-0.8108
74.68,0.81516,-0.81932
74.72,0.82932,-0.82687
74.76,0.84063,-0.83309
74.8,0.84901,-0.83873
74.84,0.85442,-0.84277
74.88,0.85683,-0.84613
74.92,0.85622,-0.84844
74.96,0.85258,-0.84959
75,0.84593,-0.85015
75.04,0.83629,-0.8491
75.08,0.82369,-0.84745
75.12,0.80819,-0.84461
75.16,0.78986,-0.84072
75.2,0.76877,-0.83609
75.24,0.74503,-0.82981
75.28,0.71873,-0.82291
75.32,0.69,-0.81459
75.36,0.65896,-0.80527
75.4,0.62576,-0.79494
75.44,0.59054,-0.78295
75.48,0.55346,-0.77021
75.52,0.51469,-0.7558
75.56,0.47439,-0.74041
75.6,0.43275,-0.72371
75.64,0.38993,-0.70536
75.68,0.34611,-0.68611
75.72,0.30148,-0.66499
75.76,0.25622,-0.64294
75.8,0.2105,-0.61931
75.84,0.1645,-0.59414
75.88,0.11839,-0.56798
75.92,0.072325,-0.53986
75.96,0.026473,-0.51095
76,-0.019018,-0.48034
76.04,-0.064005,-0.44842
76.08,-0.10835,-0.41557
76.12,-0.15194,-0.38083
76.16,-0.19465,-0.34561
76.2,-0.23637,-0.30873
76.24,-0.27702,-0.27098
76.28,-0.3165,-0.23251
76.32,-0.35475,-0.19247
76.36,-0.39169,-0.15239
76.4,-0.42729,-0.11097
76.44,-0.46149,-0.069247
76.48,-0.49426,-0.027252
76.52,-0.52557,0.015782
76.56,-0.55542,0.058268
76.6,-0.58379,0.10154
76.64,-0.61067,0.14439
76.68,-0.63609,0.18691
76.72,-0.66005,0.22973
76.76,-0.68256,0.27132
76.8,-0.70365,0.31296
76.84,-0.72334,0.35337
76.88,-0.74165,0.39276
76.92,-0.75863,0.43157
76.96,-0.77428,0.46847
77,-0.78866,0.50456
77.04,-0.80177,0.53865
77.08,-0.81365,0.57101
77.12,-0.82432,0.6019
77.16,-0.83381,0.63027
77.2,-0.84212,0.65703
77.24,-0.84929,0.68109
77.28,-0.8553,0.70285
77.32,-0.86017,0.72234
77.36,-0.8639,0.73891
77.4,-0.86648,0.75319
77.44,-0.8679,0.76431
77.48,-0.86815,0.77278
77.52,-0.8672,0.7784
77.56,-0.86503,0.78098
77.6,-0.86161,0.78086
77.64,-0.85691,0.7774
77.68,-0.85089,0.77128
77.72,-0.84352,0.76202
77.76,-0.83475,0.74995
77.8,-0.82455,0.73512
77.84,-0.81286,0.71712
77.88,-0.79967,0.69678
77.92,-0.78491,0.67339
77.96,-0.76857,0.64776
78,-0.7506,0.61968
78.04,-0.73098,0.5889
78.08,-0.70968,0.55645
78.12,-0.68668,0.52138
78.16,-0.66198,0.48489
78.2,-0.63556,0.44656
78.24,-0.60743,0.40629
78.28,-0.57759,0.36522
78.32,-0.54607,0.32221
78.36,-0.51288,0.27876
78.4,-0.47807,0.23424
78.44,-0.44167,0.1887
78.48,-0.40375,0.14329
78.52,-0.36437,0.096736
78.56,-0.32359,0.050709
78.6,-0.28151,0.0044309
78.64,-0.23821,-0.041966
78.68,-0.19381,-0.087412
78.72,-0.14841,-0.13321
78.76,-0.10214,-0.17766
78.8,-0.055123,-0.22169
78.84,-0.0075091,-0.26504
78.88,0.040555,-0.30684
78.92,0.088914,-0.34835
78.96,0.1374,-0.38795
79,0.18585,-0.42669
79.04,0.23407,-0.46414
79.08,0.2819,-0.49977
79.12,0.32914,-0.53466
79.16,0.3756,-0.56739
79.2,0.4211,-0.59908
79.24,0.46543,-0.62911
79.28,0.50842,-0.65735
79.32,0.54986,-0.68464
79.36,0.58957,-0.70977
79.4,0.62737,-0.73393
79.44,0.66307,-0.75628
79.48,0.6965,-0.77711
79.52,0.7275,-0.79694
79.56,0.7559,-0.81484
79.6,0.78156,-0.83198
79.64,0.80435,-0.84731
79.68,0.82413,-0.86151
79.72,0.8408,-0.87476
79.76,0.85425,-0.88639
79.8,0.86442,-0.89752
79.84,0.87123,-0.9069
79.88,0.87463,-0.91553
79.92,0.8746,-0.92326
79.96,0.87112,-0.92968
80,0.8642,-0.93575
80.04,0.85387,-0.94013
80.08,0.84017,-0.94403
80.12,0.82317,-0.94698
80.16,0.80294,-0.94882
80.2,0.7796,-0.9503
80.24,0.75327,-0.95008
80.28,0.72407,-0.94947
80.32,0.69216,-0.9477
80.36,0.65772,-0.94491
80.4,0.62092,-0.94153
80.44,0.58196,-0.93637
80.48,0.54105,-0.93071
80.52,0.49839,-0.92356
80.56,0.45422,-0.91536
80.6,0.40877,-0.90615
80.64,0.36226,-0.89506
80.68,0.31493,-0.88319
80.72,0.26702,-0.86944
80.76,0.21875,-0.85454
80.8,0.17037,-0.83815
80.84,0.1221,-0.81978
80.88,0.074151,-0.80032
80.92,0.026738,-0.77861
80.96,-0.019937,-0.7557
81,-0.065684,-0.73085
81.04,-0.11033,-0.70403
81.08,-0.1537,-0.67591
81.12,-0.19565,-0.64531
81.16,-0.23604,-0.61358
81.2,-0.27476,-0.57966
81.24,-0.31169,-0.54398
81.28,-0.34676,-0.50697
81.32,-0.37988,-0.46752
81.36,-0.41101,-0.42722
81.4,-0.44011,-0.38478
81.44,-0.46716,-0.34102
81.48,-0.49214,-0.2962
81.52,-0.51508,-0.2493
81.56,-0.53598,-0.2021
81.6,-0.5549,-0.15315
81.64,-0.57187,-0.1036
81.68,-0.58696,-0.053553
81.72,-0.60025,-0.0021243
81.76,-0.6118,0.048832
81.8,-0.62172,0.10079
81.84,-0.63009,0.15242
81.88,-0.63702,0.20371
81.92,-0.64261,0.25539
81.96,-0.64697,0.30568
82,-0.65021,0.35595
82.04,-0.65244,0.40485
82.08,-0.65375,0.45241
82.12,-0.65427,0.49922
82.16,-0.65409,0.54369
82.2,-0.6533,0.58699
82.24,-0.652,0.62789
82.28,-0.65027,0.6665
82.32,-0.6482,0.70317
82.36,-0.64584,0.7367
82.4,-0.64326,0.76799
82.44,-0.6405,0.796
82.48,-0.63762,0.82097
82.52,-0.63464,0.84301
82.56,-0.63158,0.86141
82.6,-0.62845,0.87675
82.64,-0.62526,0.88825
82.68,-0.62198,0.89634
82.72,-0.61862,0.90084
82.76,-0.61513,0.90162
82.8,-0.61149,0.89896
82.84,-0.60764,0.89233
82.88,-0.60354,0.88239
82.92,-0.59912,0.86867
82.96,-0.59434,0.85162
83,-0.5891,0.83127
83.04,-0.58336,0.80726
83.08,-0.57702,0.78053
83.12,-0.57002,0.75033
83.16,-0.56228,0.71764
83.2,-0.55371,0.68223
83.24,-0.54426,0.64391
83.28,-0.53384,0.60387
83.32,-0.52238,0.56106
83.36,-0.50983,0.5169
83.4,-0.49612,0.47098
83.44,-0.4812,0.42316
83.48,-0.46502,0.37483
83.52,-0.44755,0.32471
83.56,-0.42875,0.27448
83.6,-0.40862,0.22358
83.64,-0.38712,0.17192
83.68,-0.36427,0.12093
83.72,-0.34007,0.069198
83.76,-0.31453,0.018518
83.8,-0.2877,-0.031816
83.84,-0.25959,-0.081862
83.88,-0.23028,-0.13026
83.92,-0.1998,-0.17848
83.96,-0.16823,-0.22476
84,-0.13565,-0.26993
84.04,-0.10214,-0.31398
84.08,-0.067803,-0.35577
84.12,-0.032738,-0.39672
84.16,0.0029424,-0.43522
84.2,0.039119,-0.4722
84.24,0.075667,-0.50751
84.28,0.11245,-0.5404
84.32,0.14934,-0.57209
84.36,0.18619,-0.60122
84.4,0.22285,-0.6288
84.44,0.25918,-0.65447
84.48,0.29502,-0.67795
84.52,0.33023,-0.70017
84.56,0.36464,-0.72005
84.6,0.39811,-0.73866
84.64,0.43049,-0.75537
84.68,0.46162,-0.77042
84.72,0.49137,-0.78436
84.76,0.51958,-0.7964
84.8,0.54614,-0.80764
84.84,0.5709,-0.81715
84.88,0.59375,-0.82564
84.92,0.61456,-0.83328
84.96,0.63324,-0.83954
85,0.64969,-0.8455
85.04,0.66382,-0.84994
85.08,0.67555,-0.85399
85.12,0.68483,-0.85741
85.16,0.69159,-0.85992
85.2,0.6958,-0.8625
85.24,0.69743,-0.86374
85.28,0.69646,-0.86503
85.32,0.6929,-0.8658
85.36,0.68675,-0.86597
85.4,0.67805,-0.86636
85.44,0.66682,-0.86548
85.48,0.65313,-0.86483
85.52,0.63703,-0.8636
85.56,0.6186,-0.86186
85.6,0.59792,-0.86022
85.64,0.57511,-0.85727
85.68,0.55027,-0.85444
85.72,0.52352,-0.85076
85.76,0.49498,-0.84651
85.8,0.4648,-0.84197
85.84,0.43312,-0.83596
85.88,0.40009,-0.82976
85.92,0.36585,-0.82229
85.96,0.33058,-0.81404
86,0.29442,-0.80495
86.04,0.25754,-0.79419
86.08,0.2201,-0.7828
86.12,0.18224,-0.76967
86.16,0.14414,-0.75553
86.2,0.10593,-0.73994
86.24,0.067755,-0.72255
86.28,0.029764,-0.70408
86.32,-0.0079172,-0.68346
86.36,-0.045166,-0.66169
86.4,-0.081867,-0.63798
86.44,-0.11792,-0.61244
86.48,-0.15322,-0.58556
86.52,-0.18769,-0.55628
86.56,-0.22124,-0.5259
86.6,-0.25383,-0.49331
86.64,-0.28538,-0.45912
86.68,-0.31586,-0.42354
86.72,-0.34523,-0.38563
86.76,-0.37345,-0.34691
86.8,-0.40053,-0.30605
86.84,-0.42643,-0.26404
86.88,-0.45116,-0.22095
86.92,-0.47473,-0.17592
86.96,-0.49715,-0.13064
87,-0.51843,-0.083656
87.04,-0.53859,-0.036257
87.08,-0.55765,0.011625
87.12,-0.57565,0.060724
87.16,-0.59262,0.10929
87.2,-0.60858,0.15876
87.24,-0.62356,0.20774
87.28,-0.63761,0.25634
87.32,-0.65073,0.30516
87.36,-0.66297,0.35254
87.4,-0.67435,0.39979
87.44,-0.68488,0.44553
87.48,-0.6946,0.48991
87.52,-0.7035,0.53338
87.56,-0.7116,0.57449
87.6,-0.71891,0.61435
87.64,-0.72543,0.65171
87.68,-0.73115,0.68679
87.72,-0.73606,0.71982
87.76,-0.74015,0.74975
87.8,-0.7434,0.77739
87.84,-0.74578,0.80173
87.88,-0.74728,0.82309
87.92,-0.74785,0.84147
87.96,-0.74746,0.85629
88,-0.74608,0.86809
88.04,-0.74367,0.87609
88.08,-0.74018,0.88078
88.12,-0.73557,0.88192
88.16,-0.72981,0.87948
88.2,-0.72284,0.87368
88.24,-0.71464,0.86403
88.28,-0.70515,0.85121
88.32,-0.69435,0.83471
88.36,-0.68221,0.81507
88.4,-0.66868,0.79223
88.44,-0.65376,0.76592
88.48,-0.63741,0.73706
88.52,-0.61963,0.70486
88.56,-0.60041,0.67037
88.6,-0.57974,0.63329
88.64,-0.55764,0.59349
88.68,-0.5341,0.55214
88.72,-0.50915,0.50815
88.76,-0.48282,0.463
88.8,-0.45513,0.41618
88.84,-0.42613,0.36766
88.88,-0.39586,0.31873
88.92,-0.36437,0.26811
88.96,-0.33174,0.21753
89,-0.29801,0.1663
89.04,-0.26327,0.11447
89.08,-0.2276,0.063328
89.12,-0.19109,0.011477
89.16,-0.15382,-0.039246
89.2,-0.1159,-0.089689
89.24,-0.077416,-0.13974
89.28,-0.03849,-0.18822
89.32,0.00077222,-0.23655
89.36,0.040255,-0.28295
89.4,0.079839,-0.32838
89.44,0.11941,-0.37263
89.48,0.15883,-0.41479
89.52,0.19799,-0.45618
89.56,0.23675,-0.49518
89.6,0.27499,-0.53287
89.64,0.31258,-0.56886
89.68,0.3494,-0.60262
89.72,0.38531,-0.63528
89.76,0.42019,-0.66544
89.8,0.45393,-0.69425
89.84,0.48639,-0.72113
89.88,0.51747,-0.74598
89.92,0.54704,-0.76963
89.96,0.575,-0.79098
90,0.60125,-0.81119
90.04,0.62568,-0.82943
90.08,0.6482,-0.84608
90.12,0.66873,-0.8616
90.16,0.68718,-0.87517
90.2,0.70348,-0.88794
90.24,0.71757,-0.89882
90.28,0.72939,-0.90863
90.32,0.73888,-0.91742
90.36,0.74601,-0.92467
90.4,0.75075,-0.93142
90.44,0.75307,-0.93642
90.48,0.75297,-0.94078
90.52,0.75043,-0.94418
90.56,0.74548,-0.9464
90.6,0.73811,-0.94827
90.64,0.72837,-0.94847
90.68,0.71629,-0.9483
90.72,0.70191,-0.94711
90.76,0.6853,-0.94495
90.8,0.66652,-0.94239
90.84,0.64566,-0.93816
90.88,0.62278,-0.9336
90.92,0.598,-0.92782
90.96,0.5714,-0.92112
91,0.54311,-0.91376
91.04,0.51323,-0.90466
91.08,0.48188,-0.89508
91.12,0.4492,-0.88394
91.16,0.41532,-0.87183
91.2,0.38036,-0.85863
91.24,0.34448,-0.84361
91.28,0.30779,-0.82781
91.32,0.27045,-0.8101
91.36,0.2326,-0.79133
91.4,0.19436,-0.771
91.44,0.15588,-0.74881
91.48,0.11729,-0.72556
91.52,0.078702,-0.70008
91.56,0.040252,-0.67354
91.6,0.0020521,-0.64507
91.64,-0.03579,-0.61481
91.68,-0.073173,-0.58334
91.72,-0.11,-0.54952
91.76,-0.14619,-0.51477
91.8,-0.18167,-0.47794
91.84,-0.21636,-0.43961
91.88,-0.2502,-0.40014
91.92,-0.28315,-0.35846
91.96,-0.31515,-0.31621
92,-0.34619,-0.27204
92.04,-0.37622,-0.22691
92.08,-0.40523,-0.18098
92.12,-0.43321,-0.1333
92.16,-0.46015,-0.085666
92.2,-0.48605,-0.036598
92.24,-0.51092,0.012661
92.28,-0.53477,0.062083
92.32,-0.55762,0.11248
92.36,-0.57948,0.16204
92.4,-0.60037,0.21222
92.44,-0.62031,0.26165
92.48,-0.63933,0.31039
92.52,-0.65746,0.35909
92.56,-0.67471,0.40607
92.6,-0.6911,0.45264
92.64,-0.70667,0.49744
92.68,-0.72142,0.54064
92.72,-0.73537,0.58266
92.76,-0.74854,0.62211
92.8,-0.76092,0.66007
92.84,-0.77252,0.69532
92.88,-0.78334,0.72812
92.92,-0.79338,0.75868
92.96,-0.80261,0.786
93,-0.81103,0.81089
93.04,-0.8186,0.83234
93.08,-0.82531,0.85075
93.12,-0.83111,0.86608
93.16,-0.83597,0.87783
93.2,-0.83985,0.88653
93.24,-0.84269,0.89141
93.28,-0.84446,0.89304
93.32,-0.84509,0.89113
93.36,-0.84453,0.88573
93.4,-0.84272,0.87708
93.44,-0.83961,0.86463
93.48,-0.83515,0.84921
93.52,-0.82926,0.83022
93.56,-0.8219,0.80828
93.6,-0.81301,0.78336
93.64,-0.80254,0.7551
93.68,-0.79045,0.72457
93.72,-0.77669,0.69089
93.76,-0.76122,0.65516
93.8,-0.74401,0.61714
93.84,-0.72504,0.57658
93.88,-0.70428,0.53477
93.92,-0.68173,0.49057
93.96,-0.65738,0.44546
94,-0.63123,0.399
94.04,-0.6033,0.35101
94.08,-0.57362,0.30293
94.12,-0.5422,0.2534
94.16,-0.5091,0.20413
94.2,-0.47437,0.15453
94.24,-0.43806,0.10447
94.28,-0.40024,0.055369
94.32,-0.361,0.0057854
94.36,-0.32041,-0.042515
94.4,-0.27858,-0.090266
94.44,-0.23561,-0.13753
94.48,-0.19162,-0.18302
94.52,-0.14671,-0.2282
94.56,-0.10102,-0.27135
94.6,-0.054688,-0.31335
94.64,-0.0078422,-0.35414
94.68,0.039368,-0.39272
94.72,0.086793,-0.43044
94.76,0.13428,-0.46576
94.8,0.18167,-0.49967
94.84,0.22881,-0.53192
94.88,0.27552,-0.56193
94.92,0.32166,-0.59083
94.96,0.36704,-0.61732
95,0.41151,-0.64247
95.04,0.4549,-0.66579
95.08,0.49705,-0.6872
95.12,0.5378,-0.70749
95.16,0.57698,-0.72565
95.2,0.61444,-0.74281
95.24,0.65003,-0.75818
95.28,0.6836,-0.7722
95.32,0.71501,-0.78528
95.36,0.74413,-0.79668
95.4,0.77083,-0.80756
95.44,0.795,-0.81683
95.48,0.81651,-0.82537
95.52,0.83528,-0.83325
95.56,0.8512,-0.83993
95.6,0.86422,-0.8466
95.64,0.87424,-0.85183
95.68,0.88123,-0.85693
95.72,0.88514,-0.8616
95.76,0.88594,-0.86549
95.8,0.88362,-0.86973
95.84,0.87817,-0.87269
95.88,0.86961,-0.87593
95.92,0.85796,-0.87884
95.96,0.84328,-0.88124
96,0.82562,-0.88413
96.04,0.80505,-0.88578
96.08,0.78165,-0.88787
96.12,0.75554,-0.88956
96.16,0.72682,-0.89081
96.2,0.69562,-0.89243
96.24,0.66208,-0.89274
96.28,0.62635,-0.89337
96.32,0.5886,-0.89333
96.36,0.549,-0.89275
96.4,0.50771,-0.89216
96.44,0.46493,-0.89007
96.48,0.42085,-0.88797
96.52,0.37567,-0.88476
96.56,0.32956,-0.88078
96.6,0.28275,-0.87621
96.64,0.23541,-0.86992
96.68,0.18775,-0.86313
96.72,0.13995,-0.85472
96.76,0.092211,-0.84526
96.8,0.044707,-0.83455
96.84,-0.0023871,-0.82191
96.88,-0.048902,-0.80827
96.92,-0.094679,-0.79251
96.96,-0.13957,-0.77548
97,-0.18343,-0.75659
97.04,-0.22614,-0.73567
97.08,-0.26757,-0.71335
97.12,-0.30763,-0.68853
97.16,-0.34621,-0.66239
97.2,-0.38324,-0.63394
97.24,-0.41864,-0.60355
97.28,-0.45236,-0.57157
97.32,-0.48435,-0.53697
97.36,-0.51457,-0.50121
97.4,-0.54301,-0.46299
97.44,-0.56965,-0.42317
97.48,-0.59449,-0.38186
97.52,-0.61754,-0.33812
97.56,-0.63881,-0.29364
97.6,-0.65832,-0.24692
97.64,-0.67611,-0.19919
97.68,-0.69221,-0.15041
97.72,-0.70667,-0.099727
97.76,-0.71954,-0.049004
97.8,-0.73087,0.0033794
97.84,-0.7407,0.055922
97.88,-0.74911,0.10877
97.92,-0.75614,0.16268
97.96,-0.76185,0.21572
98,-0.7663,0.26952
98.04,-0.76955,0.32245
98.08,-0.77165,0.37473
98.12,-0.77266,0.42696
98.16,-0.77262,0.47736
98.2,-0.77159,0.52737
98.24,-0.76959,0.57542
98.28,-0.76668,0.6218
98.32,-0.76289,0.66691
98.36,-0.75824,0.70925
98.4,-0.75276,0.75004
98.44,-0.74647,0.78786
98.48,-0.73939,0.82308
98.52,-0.73152,0.85589
98.56,-0.72288,0.88519
98.6,-0.71347,0.91194
98.64,-0.70328,0.93493
98.68,-0.69231,0.95469
98.72,-0.68055,0.97113
98.76,-0.668,0.98372
98.8,-0.65463,0.99307
98.84,-0.64044,0.99825
98.88,-0.62541,1
98.92,-0.60953,0.99793
98.96,-0.59278,0.99211
99,-0.57514,0.98285
99.04,-0.55661,0.96947
99.08,-0.53718,0.95294
99.12,-0.51683,0.93258
99.16,-0.49557,0.90905
99.2,-0.47339,0.88239
99.24,-0.45029,0.85208
99.28,-0.42629,0.8194
99.32,-0.40139,0.78335
99.36,-0.37561,0.7451
99.4,-0.34896,0.70445
99.44,-0.32149,0.66102
99.48,-0.29322,0.61631
99.52,-0.26419,0.56904
99.56,-0.23443,0.52079
99.6,-0.20401,0.47115
99.64,-0.17298,0.41981
99.68,-0.14139,0.36842
99.72,-0.10932,0.31547
99.76,-0.076819,0.26279
99.8,-0.043979,0.20979
99.84,-0.010873,0.15622
99.88,0.022414,0.10372
99.92,0.055796,0.050685
99.96,0.089184,-0.0010039
100,0.12248,-0.05208
100.04,0.1556,-0.10272
100.08,0.18843,-0.15143
100.12,0.22089,-0.19984
100.16,0.25287,-0.24611
100.2,0.28426,-0.29113
100.24,0.31498,-0.33495
100.28,0.34492,-0.37638
100.32,0.37398,-0.41691
100.36,0.40205,-0.45493
100.4,0.42906,-0.4914
100.44,0.4549,-0.52618
100.48,0.47948,-0.55854
100.52,0.50271,-0.58973
100.56,0.52452,-0.61836
100.6,0.54482,-0.64551
100.64,0.56354,-0.67079
100.68,0.5806,-0.69395
100.72,0.59595,-0.71592
100.76,0.60953,-0.73561
100.8,0.62128,-0.75415
100.84,0.63117,-0.77083
100.88,0.63914,-0.78596
100.92,0.64517,-0.80005
100.96,0.64924,-0.81231
101,0.65134,-0.82387
101.04,0.65144,-0.83374
101.08,0.64956,-0.84268
101.12,0.6457,-0.85081
101.16,0.63988,-0.8576
101.2,0.63212,-0.86413
101.24,0.62245,-0.86915
101.28,0.61093,-0.8738
101.32,0.59758,-0.87781
101.36,0.58249,-0.88089
101.4,0.56569,-0.88401
101.44,0.54727,-0.88575
101.48,0.5273,-0.88747
101.52,0.50587,-0.8886
101.56,0.48306,-0.88904
101.6,0.45897,-0.88958
101.64,0.43369,-0.88875
101.68,0.40732,-0.88802
101.72,0.37998,-0.88654
101.76,0.35176,-0.88444
101.8,0.32278,-0.88223
101.84,0.29315,-0.87856
101.88,0.26297,-0.87484
101.92,0.23237,-0.87005
101.96,0.20144,-0.86454
102,0.1703,-0.8585
102.04,0.13905,-0.85083
102.08,0.10779,-0.84277
102.12,0.076628,-0.83321
102.16,0.045645,-0.82274
102.2,0.014932,-0.8112
102.24,-0.015427,-0.79786
102.28,-0.045358,-0.78372
102.32,-0.07479,-0.76765
102.36,-0.10366,-0.75049
102.4,-0.13191,-0.73174
102.44,-0.1595,-0.7111
102.48,-0.18638,-0.68932
102.52,-0.21252,-0.66531
102.56,-0.23789,-0.64015
102.6,-0.26247,-0.61303
102.64,-0.28625,-0.58412
102.68,-0.30921,-0.55392
102.72,-0.33136,-0.52141
102.76,-0.35269,-0.48792
102.8,-0.37322,-0.45238
102.84,-0.39296,-0.41538
102.88,-0.41192,-0.37724
102.92,-0.43012,-0.337
102.96,-0.44759,-0.29622
103,-0.46435,-0.25366
103.04,-0.48043,-0.21022
103.08,-0.49586,-0.1661
103.12,-0.51066,-0.12044
103.16,-0.52487,-0.074913
103.2,-0.53852,-0.028229
103.24,-0.55163,0.018523
103.28,-0.56424,0.065213
103.32,-0.57637,0.11258
103.36,-0.58804,0.15899
103.4,-0.59928,0.20563
103.44,-0.61011,0.25138
103.48,-0.62055,0.29616
103.52,-0.6306,0.34057
103.56,-0.64028,0.3831
103.6,-0.6496,0.42481
103.64,-0.65856,0.46465
103.68,-0.66714,0.50258
103.72,-0.67536,0.53903
103.76,-0.68319,0.57281
103.8,-0.69063,0.60471
103.84,-0.69765,0.63388
103.88,-0.70422,0.66037
103.92,-0.71033,0.68439
103.96,-0.71593,0.70517
104,-0.721,0.72325
104.04,-0.7255,0.73799
104.08,-0.72938,0.74958
104.12,-0.73261,0.758
104.16,-0.73513,0.763
104.2,-0.73691,0.76481
104.24,-0.73788,0.76306
104.28,-0.73801,0.75811
104.32,-0.73725,0.7497
104.36,-0.73553,0.73811
104.4,-0.73282,0.7233
104.44,-0.72907,0.70512
104.48,-0.72422,0.68417
104.52,-0.71824,0.65989
104.56,-0.71109,0.6331
104.6,-0.70271,0.60352
104.64,-0.69308,0.57114
104.68,-0.68216,0.5368
104.72,-0.66992,0.4997
104.76,-0.65633,0.46105
104.8,-0.64138,0.42039
104.84,-0.62505,0.37782
104.88,-0.60733,0.33434
104.92,-0.58821,0.28892
104.96,-0.56768,0.24309
105,-0.54576,0.19621
105.04,-0.52245,0.14844
105.08,-0.49776,0.10086
105.12,-0.47172,0.052271
105.16,-0.44435,0.0043718
105.2,-0.41568,-0.043639
105.24,-0.38575,-0.091548
105.28,-0.3546,-0.13832
105.32,-0.32228,-0.18523
105.36,-0.28883,-0.23057
105.4,-0.25432,-0.27526
105.44,-0.21882,-0.31902
105.48,-0.18238,-0.361
105.52,-0.14509,-0.40244
105.56,-0.10702,-0.44174
105.6,-0.068264,-0.47991
105.64,-0.028904,-0.51658
105.68,0.010963,-0.5512
105.72,0.051239,-0.58483
105.76,0.091819,-0.61611
105.8,0.1326,-0.64609
105.84,0.17346,-0.67425
105.88,0.21429,-0.70042
105.92,0.25498,-0.72542
105.96,0.2954,-0.74813
106,0.33542,-0.76964
106.04,0.37493,-0.78922
106.08,0.41379,-0.80712
106.12,0.45187,-0.82382
106.16,0.48906,-0.83852
106.2,0.52521,-0.85224
106.24,0.56019,-0.86407
106.28,0.59389,-0.87463
106.32,0.62618,-0.88405
106.36,0.65692,-0.89181
106.4,0.68601,-0.89884
106.44,0.71332,-0.90407
106.48,0.73873,-0.90842
106.52,0.76215,-0.91166
106.56,0.78346,-0.91357
106.6,0.80257,-0.91488
106.64,0.81939,-0.91446
106.68,0.83382,-0.91344
106.72,0.84581,-0.91123
106.76,0.85527,-0.90794
106.8,0.86215,-0.90399
106.84,0.86639,-0.89837
106.88,0.86797,-0.8922
106.92,0.86684,-0.88469
106.96,0.86299,-0.87619
107,0.85641,-0.86684
107.04,0.84711,-0.85578
107.08,0.8351,-0.8441
107.12,0.8204,-0.83081
107.16,0.80306,-0.81656
107.2,0.78312,-0.80111
107.24,0.76064,-0.78393
107.28,0.7357,-0.76595
107.32,0.70837,-0.74606
107.36,0.67876,-0.72521
107.4,0.64696,-0.7028
107.44,0.61308,-0.67869
107.48,0.57724,-0.65357
107.52,0.53958,-0.62634
107.56,0.50022,-0.59819
107.6,0.45931,-0.5682
107.64,0.417,-0.53666
107.68,0.37344,-0.50402
107.72,0.32877,-0.4692
107.76,0.28316,-0.43367
107.8,0.23676,-0.39618
107.84,0.18973,-0.35747
107.88,0.14223,-0.31777
107.92,0.09441,-0.27606
107.96,0.046421,-0.23401
108,-0.0015891,-0.19017
108.04,-0.049477,-0.14565
108.08,-0.097105,-0.10046
108.12,-0.14434,-0.05373
108.16,-0.19106,-0.0072194
108.2,-0.23715,0.040611
108.24,-0.28249,0.088389
108.28,-0.32699,0.13626
108.32,-0.37054,0.18495
108.36,-0.41306,0.23269
108.4,-0.45447,0.28101
108.44,-0.4947,0.3284
108.48,-0.53367,0.37513
108.52,-0.57133,0.42174
108.56,-0.60764,0.4666
108.6,-0.64253,0.5111
108.64,-0.67598,0.55375
108.68,-0.70793,0.5949
108.72,-0.73837,0.6349
108.76,-0.76726,0.67237
108.8,-0.79458,0.70852
108.84,-0.8203,0.74193
108.88,-0.8444,0.77309
108.92,-0.86686,0.80209
108.96,-0.88766,0.82797
109,-0.90677,0.85166
109.04,-0.92418,0.87192
109.08,-0.93987,0.88939
109.12,-0.9538,0.9039
109.16,-0.96596,0.915
109.2,-0.97631,0.92328
109.24,-0.98484,0.92777
109.28,-0.9915,0.92927
109.32,-0.99627,0.92735
109.36,-0.99912,0.92208
109.4,-1,0.91377
109.44,-0.99888,0.90169
109.48,-0.99574,0.88683
109.52,-0.99052,0.86849
109.56,-0.9832,0.84729
109.6,-0.97375,0.82325
109.64,-0.96213,0.79584
109.68,-0.94832,0.76629
109.72,-0.9323,0.7336
109.76,-0.91404,0.69887
109.8,-0.89353,0.66191
109.84,-0.87076,0.62231
109.88,-0.84574,0.58149
109.92,-0.81846,0.53823
109.96,-0.78895,0.49398
110,-0.75723,0.44836
110.04,-0.72332,0.40105
110.08,-0.68728,0.3536
110.12,-0.64914,0.30458
110.16,-0.60898,0.25569
110.2,-0.56687,0.20636
110.24,-0.52288,0.15638
110.28,-0.47712,0.10726
110.32,-0.42968,0.057483
110.36,-0.38068,0.0088398
110.4,-0.33025,-0.03941
110.44,-0.27852,-0.087363
110.48,-0.22562,-0.13368
110.52,-0.17172,-0.17987
110.56,-0.11698,-0.22419
110.6,-0.061563,-0.26753
110.64,-0.0056443,-0.30983
110.68,0.050592,-0.35006
110.72,0.10696,-0.38963
110.76,0.16326,-0.42692
110.8,0.21931,-0.46298
110.84,0.27489,-0.49753
110.88,0.32982,-0.52997
110.92,0.38389,-0.56148
110.96,0.43689,-0.59066
111,0.48863,-0.6187
111.04,0.53889,-0.64501
111.08,0.5875,-0.66953
111.12,0.63424,-0.69311
111.16,0.67892,-0.7146
111.2,0.72137,-0.73529
111.24,0.7614,-0.75427
111.28,0.79883,-0.77198
111.32,0.83351,-0.78893
111.36,0.86527,-0.80421
111.4,0.89398,-0.81917
111.44,0.91948,-0.83254
111.48,0.94167,-0.84526
111.52,0.96043,-0.85747
111.56,0.97567,-0.86846
111.6,0.9873,-0.87958
111.64,0.99527,-0.88926
111.68,0.99951,-0.89885
111.72,1,-0.90808
111.76,0.99673,-0.91647
111.8,0.9897,-0.92528
111.84,0.97893,-0.93273
111.88,0.96447,-0.94041
111.92,0.94638,-0.94776
111.96,0.92473,-0.95444
112,0.89963,-0.96157
112.04,0.8712,-0.96729
112.08,0.83957,-0.97329
112.12,0.80489,-0.97873
112.16,0.76733,-0.9835
112.2,0.72709,-0.98842
112.24,0.68434,-0.99174
112.28,0.63932,-0.99509
112.32,0.59225,-0.99746
112.36,0.54334,-0.99892
112.4,0.49286,-1
112.44,0.44104,-0.99917
112.48,0.38813,-0.99791
112.52,0.33439,-0.99506
112.56,0.28008,-0.991
112.6,0.22544,-0.98582
112.64,0.17072,-0.97842
112.68,0.11616,-0.97001
112.72,0.061995,-0.9594
112.76,0.0084529,-0.94726
112.8,-0.044258,-0.93327
112.84,-0.095937,-0.91683
112.88,-0.1464,-0.89888
112.92,-0.19547,-0.87822
112.96,-0.24301,-0.85585
113,-0.28887,-0.83109
113.04,-0.33293,-0.80383
113.08,-0.37509,-0.7748
113.12,-0.41528,-0.74281
113.16,-0.45342,-0.70921
113.2,-0.48946,-0.67299
113.24,-0.52338,-0.63454
113.28,-0.55517,-0.59439
113.32,-0.58482,-0.55141
113.36,-0.61236,-0.50727
113.4,-0.63782,-0.46071
113.44,-0.66124,-0.41252
113.48,-0.68269,-0.36314
113.52,-0.70223,-0.31147
113.56,-0.71995,-0.25941
113.6,-0.73592,-0.20562
113.64,-0.75026,-0.15111
113.68,-0.76305,-0.096271
113.72,-0.7744,-0.040121
113.76,-0.78442,0.015399
113.8,-0.79321,0.071579
113.84,-0.80088,0.12734
113.88,-0.80754,0.18229
113.92,-0.81329,0.23731
113.96,-0.81823,0.29055
114,-0.82245,0.34314
114.04,-0.82604,0.39409
114.08,-0.82908,0.44303
114.12,-0.83164,0.49067
114.16,-0.83378,0.53545
114.2,-0.83557,0.57826
114.24,-0.83704,0.61831
114.28,-0.83823,0.65528
114.32,-0.83917,0.68969
114.36,-0.83987,0.72044
114.4,-0.84034,0.74809
114.44,-0.84056,0.77214
114.48,-0.84054,0.7924
114.52,-0.84024,0.80915
114.56,-0.83963,0.82185
114.6,-0.83867,0.83075
114.64,-0.83731,0.83563
114.68,-0.83551,0.83653
114.72,-0.83319,0.83344
114.76,-0.8303,0.82643
114.8,-0.82676,0.8155
114.84,-0.82251,0.80061
114.88,-0.81746,0.78215
114.92,-0.81154,0.75976
114.96,-0.80468,0.73413
115,-0.79679,0.70502
115.04,-0.78781,0.67254
115.08,-0.77767,0.63741
115.12,-0.76629,0.59896
115.16,-0.75362,0.55839
115.2,-0.73958,0.51529
115.24,-0.72413,0.46979
115.28,-0.70723,0.42296
115.32,-0.68881,0.37382
115.36,-0.66887,0.32392
115.4,-0.64736,0.27276
115.44,-0.62427,0.22042
115.48,-0.59958,0.16819
115.52,-0.5733,0.11487
115.56,-0.54544,0.062191
115.6,-0.516,0.0095999
115.64,-0.48501,-0.042953
115.68,-0.45251,-0.094034
115.72,-0.41853,-0.14499
115.76,-0.38313,-0.1941
115.8,-0.34636,-0.24193
115.84,-0.30829,-0.28866
115.88,-0.269,-0.33288
115.92,-0.22857,-0.37593
115.96,-0.18708,-0.41632
116,-0.14464,-0.45454
116.04,-0.10134,-0.49089
116.08,-0.057288,-0.52412
116.12,-0.012606,-0.55549
116.16,0.03259,-0.58378
116.2,0.078178,-0.60947
116.24,0.12403,-0.63284
116.28,0.17001,-0.653
116.32,0.21599,-0.67093
116.36,0.26184,-0.68585
116.4,0.3074,-0.69812
116.44,0.35255,-0.70802
116.48,0.39713,-0.71502
116.52,0.44101,-0.71981
116.56,0.48404,-0.722
116.6,0.52609,-0.72189
116.64,0.567,-0.71991
116.68,0.60664,-0.7154
116.72,0.64486,-0.70845
116.76,0.68154,-0.69982
116.8,0.71653,-0.69035
116.84,0.74971,-0.67963
116.88,0.78094,-0.66628
116.92,0.81012,-0.64998
116.96,0.83711,-0.63337
117,0.86182,-0.61862
117.04,0.88413,-0.60358
117.08,0.90395,-0.58458
117.12,0.92118,-0.56095
117.16,0.93575,-0.5392
117.2,0.94759,-0.52424
117.24,0.95663,-0.51067
117.28,0.96281,-0.48899
117.32,0.9661,-0.45765
117.36,0.96646,-0.43164
117.4,0.96387,-0.42433
117.44,0.95832,-0.42508
117.48,0.94982,-0.40386
117.52,0.93837,-0.33876
117.56,0.92402,-0.24677